timestamp_utc,row_index,state,model,spin,dump_index,pos,iteration,M_unit,flux_Jy,target_flux_Jy,freq_target_Hz,p_factor,Ns,converged,resumed_trial,spec_path,par_path,log_path
2025-11-20T18:05:05,0,SANE,RBETA,-0.5,4000,0,1,1.83000000e+27,2.10635540e-06,5.00000000e-01,2.30000000e+11,3.000,2.000e+05,0,0,/work/vmo703/igrmonty_outputs/m87/spectrum_Sa-0.5_4000_RBETA_pos0_trial01.h5,/work/vmo703/igrmonty/logs/SANE_RBETA_a-0.5_t4000_pos0_trial01.par,/work/vmo703/igrmonty/logs/SANE_RBETA_a-0.5_t4000_pos0_trial01.log
2025-11-20T18:12:02,0,SANE,RBETA,-0.5,4000,0,2,1.43998339e+28,9.45736409e-04,5.00000000e-01,2.30000000e+11,3.000,2.000e+05,0,0,/work/vmo703/igrmonty_outputs/m87/spectrum_Sa-0.5_4000_RBETA_pos0_trial02.h5,/work/vmo703/igrmonty/logs/SANE_RBETA_a-0.5_t4000_pos0_trial02.par,/work/vmo703/igrmonty/logs/SANE_RBETA_a-0.5_t4000_pos0_trial02.log
2025-11-20T18:23:09,0,SANE,RBETA,-0.5,4000,0,3,1.16436939e+29,3.05875185e-01,5.00000000e-01,2.30000000e+11,3.000,2.000e+05,0,0,/work/vmo703/igrmonty_outputs/m87/spectrum_Sa-0.5_4000_RBETA_pos0_trial03.h5,/work/vmo703/igrmonty/logs/SANE_RBETA_a-0.5_t4000_pos0_trial03.par,/work/vmo703/igrmonty/logs/SANE_RBETA_a-0.5_t4000_pos0_trial03.log
2025-11-20T18:29:58,0,SANE,RBETA,-0.5,4000,0,4,1.37161650e+29,4.61136569e-01,5.00000000e-01,2.30000000e+11,3.000,2.000e+05,0,0,/work/vmo703/igrmonty_outputs/m87/spectrum_Sa-0.5_4000_RBETA_pos0_trial04.h5,/work/vmo703/igrmonty/logs/SANE_RBETA_a-0.5_t4000_pos0_trial04.par,/work/vmo703/igrmonty/logs/SANE_RBETA_a-0.5_t4000_pos0_trial04.log
2025-11-20T18:39:32,0,SANE,RBETA,-0.5,4000,0,5,1.40911417e+29,4.87379358e-01,5.00000000e-01,2.30000000e+11,3.000,2.000e+05,0,0,/work/vmo703/igrmonty_outputs/m87/spectrum_Sa-0.5_4000_RBETA_pos0_trial05.h5,/work/vmo703/igrmonty/logs/SANE_RBETA_a-0.5_t4000_pos0_trial05.par,/work/vmo703/igrmonty/logs/SANE_RBETA_a-0.5_t4000_pos0_trial05.log
2025-11-20T18:39:32,0,SANE,RBETA,-0.5,4000,0,5,1.40911417e+29,4.87379358e-01,5.00000000e-01,2.30000000e+11,3.000,2.000e+05,1,0,/work/vmo703/igrmonty_outputs/m87/spectrum_Sa-0.5_4000_RBETA_pos0_trial05.h5,/work/vmo703/igrmonty/logs/SANE_RBETA_a-0.5_t4000_pos0_trial05.par,/work/vmo703/igrmonty/logs/SANE_RBETA_a-0.5_t4000_pos0_trial05.log
2025-11-21T01:23:39,0,SANE,RBETA,-0.5,4000,0,0,1.40911417e+29,4.87379358e-01,5.00000000e-01,2.30000000e+11,3.000,2.000e+05,1,1,/work/vmo703/igrmonty_outputs/m87/spectrum_Sa-0.h5,/work/vmo703/igrmonty/logs/SANE_RBETA_a-0.5_t4000_pos0.par,/work/vmo703/igrmonty/logs/SANE_RBETA_a-0.5_t4000_pos0.log

2025-11-21T20:45:06,2,SANE,RBETAwJET,-0.5,4000,0,1,7.39000000e+28,1.17025490e-01,5.00000000e-01,2.30000000e+11,3.000,2.000e+04,0,0,/work/vmo703/igrmonty_outputs/m87/spectrum_Sa-0.5_4000_RBETAwJET_pos0_trial01.h5,/work/vmo703/igrmonty/logs/SANE_RBETAwJET_a-0.5_t4000_pos0_trial01.par,/work/vmo703/igrmonty/logs/SANE_RBETAwJET_a-0.5_t4000_pos0_trial01.log
2025-11-21T21:43:06,0,SANE,RBETA,-0.5,4000,0,1,1.01240000e+29,2.36508543e-01,5.00000000e-01,2.30000000e+11,3.000,2.000e+04,0,0,/work/vmo703/igrmonty_outputs/m87/spectrum_Sa-0.5_4000_RBETA_pos0_trial01.h5,/work/vmo703/igrmonty/logs/SANE_RBETA_a-0.5_t4000_pos0_trial01.par,/work/vmo703/igrmonty/logs/SANE_RBETA_a-0.5_t4000_pos0_trial01.log
2025-11-22T16:37:45,0,SANE,RBETA,-0.5,4000,0,1,1.83000000e+27,2.17276504e-06,5.00000000e-01,2.30000000e+11,3.000,1.000e+06,0,0,/work/vmo703/igrmonty_outputs/m87/spectrum_Sa-0.5_4000_RBETA_pos0_trial01.h5,/work/vmo703/igrmonty/logs/SANE_RBETA_a-0.5_t4000_pos0_trial01.par,/work/vmo703/igrmonty/logs/SANE_RBETA_a-0.5_t4000_pos0_trial01.log
2025-11-22T17:32:52,0,SANE,RBETA,-0.5,4000,0,2,1.43255277e+28,1.03195427e-03,5.00000000e-01,2.30000000e+11,3.000,1.000e+06,0,0,/work/vmo703/igrmonty_outputs/m87/spectrum_Sa-0.5_4000_RBETA_pos0_trial02.h5,/work/vmo703/igrmonty/logs/SANE_RBETA_a-0.5_t4000_pos0_trial02.par,/work/vmo703/igrmonty/logs/SANE_RBETA_a-0.5_t4000_pos0_trial02.log
2025-11-22T18:55:58,0,SANE,RBETA,-0.5,4000,0,3,1.12515878e+29,3.02158096e-01,5.00000000e-01,2.30000000e+11,3.000,1.000e+06,0,0,/work/vmo703/igrmonty_outputs/m87/spectrum_Sa-0.5_4000_RBETA_pos0_trial03.h5,/work/vmo703/igrmonty/logs/SANE_RBETA_a-0.5_t4000_pos0_trial03.par,/work/vmo703/igrmonty/logs/SANE_RBETA_a-0.5_t4000_pos0_trial03.log
2025-11-22T20:25:24,0,SANE,RBETA,-0.5,4000,0,4,1.33083967e+29,4.55296414e-01,5.00000000e-01,2.30000000e+11,3.000,1.000e+06,0,0,/work/vmo703/igrmonty_outputs/m87/spectrum_Sa-0.5_4000_RBETA_pos0_trial04.h5,/work/vmo703/igrmonty/logs/SANE_RBETA_a-0.5_t4000_pos0_trial04.par,/work/vmo703/igrmonty/logs/SANE_RBETA_a-0.5_t4000_pos0_trial04.log
2025-11-22T21:39:44,0,SANE,RBETA,-0.5,4000,0,5,1.37304360e+29,5.08560942e-01,5.00000000e-01,2.30000000e+11,3.000,1.000e+06,0,0,/work/vmo703/igrmonty_outputs/m87/spectrum_Sa-0.5_4000_RBETA_pos0_trial05.h5,/work/vmo703/igrmonty/logs/SANE_RBETA_a-0.5_t4000_pos0_trial05.par,/work/vmo703/igrmonty/logs/SANE_RBETA_a-0.5_t4000_pos0_trial05.log
2025-11-22T21:39:44,0,SANE,RBETA,-0.5,4000,0,5,1.37304360e+29,5.08560942e-01,5.00000000e-01,2.30000000e+11,3.000,1.000e+06,1,0,/work/vmo703/igrmonty_outputs/m87/spectrum_Sa-0.5_4000_RBETA_pos0_trial05.h5,/work/vmo703/igrmonty/logs/SANE_RBETA_a-0.5_t4000_pos0_trial05.par,/work/vmo703/igrmonty/logs/SANE_RBETA_a-0.5_t4000_pos0_trial05.log
2025-11-23T00:44:52,0,SANE,RBETA,-0.5,4000,0,0,1.37304360e+29,5.08560942e-01,5.00000000e-01,2.30000000e+11,3.000,1.000e+06,1,1,/work/vmo703/igrmonty_outputs/m87/spectrum_Sa-0.h5,/work/vmo703/igrmonty/logs/SANE_RBETA_a-0.5_t4000_pos0.par,/work/vmo703/igrmonty/logs/SANE_RBETA_a-0.5_t4000_pos0.log
2025-11-23T01:09:59,0,SANE,RBETA,-0.5,4000,0,1,1.83000000e+27,2.00981060e-06,5.00000000e-01,2.30000000e+11,3.000,1.000e+06,0,0,/work/vmo703/igrmonty_outputs/m87/spectrum_Sa-0.5_4000_RBETA_pos0_trial01.h5,/work/vmo703/igrmonty/logs/SANE_RBETA_a-0.5_t4000_pos0_trial01.par,/work/vmo703/igrmonty/logs/SANE_RBETA_a-0.5_t4000_pos0_trial01.log
2025-11-23T01:33:58,0,SANE,RBETA,-0.5,4000,0,2,1.45128788e+28,1.02613904e-03,5.00000000e-01,2.30000000e+11,3.000,1.000e+06,0,0,/work/vmo703/igrmonty_outputs/m87/spectrum_Sa-0.5_4000_RBETA_pos0_trial02.h5,/work/vmo703/igrmonty/logs/SANE_RBETA_a-0.5_t4000_pos0_trial02.par,/work/vmo703/igrmonty/logs/SANE_RBETA_a-0.5_t4000_pos0_trial02.log
2025-11-23T01:53:26,0,SANE,RBETA,-0.5,4000,0,3,1.14202295e+29,2.82752754e-01,5.00000000e-01,2.30000000e+11,3.000,1.000e+06,0,0,/work/vmo703/igrmonty_outputs/m87/spectrum_Sa-0.5_4000_RBETA_pos0_trial03.h5,/work/vmo703/igrmonty/logs/SANE_RBETA_a-0.5_t4000_pos0_trial03.par,/work/vmo703/igrmonty/logs/SANE_RBETA_a-0.5_t4000_pos0_trial03.log
2025-11-23T02:09:54,0,SANE,RBETA,-0.5,4000,0,4,1.38100702e+29,4.69095922e-01,5.00000000e-01,2.30000000e+11,3.000,1.000e+06,0,0,/work/vmo703/igrmonty_outputs/m87/spectrum_Sa-0.5_4000_RBETA_pos0_trial04.h5,/work/vmo703/igrmonty/logs/SANE_RBETA_a-0.5_t4000_pos0_trial04.par,/work/vmo703/igrmonty/logs/SANE_RBETA_a-0.5_t4000_pos0_trial04.log
2025-11-23T02:33:31,0,SANE,RBETA,-0.5,4000,0,5,1.41069135e+29,5.15077312e-01,5.00000000e-01,2.30000000e+11,3.000,1.000e+06,0,0,/work/vmo703/igrmonty_outputs/m87/spectrum_Sa-0.5_4000_RBETA_pos0_trial05.h5,/work/vmo703/igrmonty/logs/SANE_RBETA_a-0.5_t4000_pos0_trial05.par,/work/vmo703/igrmonty/logs/SANE_RBETA_a-0.5_t4000_pos0_trial05.log
2025-11-23T02:33:31,0,SANE,RBETA,-0.5,4000,0,5,1.41069135e+29,5.15077312e-01,5.00000000e-01,2.30000000e+11,3.000,1.000e+06,1,0,/work/vmo703/igrmonty_outputs/m87/spectrum_Sa-0.5_4000_RBETA_pos0_trial05.h5,/work/vmo703/igrmonty/logs/SANE_RBETA_a-0.5_t4000_pos0_trial05.par,/work/vmo703/igrmonty/logs/SANE_RBETA_a-0.5_t4000_pos0_trial05.log
2025-11-27T20:54:49,2,SANE,RBETAwJET,-0.5,4000,0,1,7.39000000e+28,9.39325073e-02,5.00000000e-01,2.30000000e+11,3.000,2.000e+05,0,0,/work/vmo703/igrmonty_outputs/m87/spectrum_Sa-0.5_4000_RBETAwJET_pos0_trial01.h5,/work/vmo703/igrmonty/logs/SANE_RBETAwJET_a-0.5_t4000_pos0_trial01.par,/work/vmo703/igrmonty/logs/SANE_RBETAwJET_a-0.5_t4000_pos0_trial01.log
2025-11-27T22:03:10,2,SANE,RBETAwJET,-0.5,4000,0,2,1.29031517e+29,3.99209542e-01,5.00000000e-01,2.30000000e+11,3.000,2.000e+05,0,0,/work/vmo703/igrmonty_outputs/m87/spectrum_Sa-0.5_4000_RBETAwJET_pos0_trial02.h5,/work/vmo703/igrmonty/logs/SANE_RBETAwJET_a-0.5_t4000_pos0_trial02.par,/work/vmo703/igrmonty/logs/SANE_RBETAwJET_a-0.5_t4000_pos0_trial02.log
2025-11-27T22:56:31,2,SANE,RBETAwJET,-0.5,4000,0,3,1.39086666e+29,4.78817185e-01,5.00000000e-01,2.30000000e+11,3.000,2.000e+05,0,0,/work/vmo703/igrmonty_outputs/m87/spectrum_Sa-0.5_4000_RBETAwJET_pos0_trial03.h5,/work/vmo703/igrmonty/logs/SANE_RBETAwJET_a-0.5_t4000_pos0_trial03.par,/work/vmo703/igrmonty/logs/SANE_RBETAwJET_a-0.5_t4000_pos0_trial03.log
2025-11-27T22:56:31,2,SANE,RBETAwJET,-0.5,4000,0,3,1.39086666e+29,4.78817185e-01,5.00000000e-01,2.30000000e+11,3.000,2.000e+05,1,0,/work/vmo703/igrmonty_outputs/m87/spectrum_Sa-0.5_4000_RBETAwJET_pos0_trial03.h5,/work/vmo703/igrmonty/logs/SANE_RBETAwJET_a-0.5_t4000_pos0_trial03.par,/work/vmo703/igrmonty/logs/SANE_RBETAwJET_a-0.5_t4000_pos0_trial03.log
2025-11-27T23:12:49,2,SANE,RBETAwJET,-0.5,4000,0,0,1.39086666e+29,4.78817185e-01,5.00000000e-01,2.30000000e+11,3.000,2.000e+05,1,1,/work/vmo703/igrmonty_outputs/m87/spectrum_Sa-0.h5,/work/vmo703/igrmonty/logs/SANE_RBETAwJET_a-0.5_t4000_pos0.par,/work/vmo703/igrmonty/logs/SANE_RBETAwJET_a-0.5_t4000_pos0.log
2025-11-28T00:42:02,3,SANE,RBETAwJET,-0.5,4000,1,1,3.73000000e+28,1.43547945e-02,5.00000000e-01,2.30000000e+11,3.000,2.000e+05,0,0,/work/vmo703/igrmonty_outputs/m87/spectrum_Sa-0.5_4000_RBETAwJET_pos1_trial01.h5,/work/vmo703/igrmonty/logs/SANE_RBETAwJET_a-0.5_t4000_pos1_trial01.par,/work/vmo703/igrmonty/logs/SANE_RBETAwJET_a-0.5_t4000_pos1_trial01.log
2025-11-28T01:45:26,3,SANE,RBETAwJET,-0.5,4000,1,2,1.21814739e+29,3.55308886e-01,5.00000000e-01,2.30000000e+11,3.000,2.000e+05,0,0,/work/vmo703/igrmonty_outputs/m87/spectrum_Sa-0.5_4000_RBETAwJET_pos1_trial02.h5,/work/vmo703/igrmonty/logs/SANE_RBETAwJET_a-0.5_t4000_pos1_trial02.par,/work/vmo703/igrmonty/logs/SANE_RBETAwJET_a-0.5_t4000_pos1_trial02.log
2025-11-28T03:03:31,3,SANE,RBETAwJET,-0.5,4000,1,3,1.36506863e+29,4.45782759e-01,5.00000000e-01,2.30000000e+11,3.000,2.000e+05,0,0,/work/vmo703/igrmonty_outputs/m87/spectrum_Sa-0.5_4000_RBETAwJET_pos1_trial03.h5,/work/vmo703/igrmonty/logs/SANE_RBETAwJET_a-0.5_t4000_pos1_trial03.par,/work/vmo703/igrmonty/logs/SANE_RBETAwJET_a-0.5_t4000_pos1_trial03.log
2025-11-28T04:41:43,3,SANE,RBETAwJET,-0.5,4000,1,4,1.41830641e+29,5.17635979e-01,5.00000000e-01,2.30000000e+11,3.000,2.000e+05,0,0,/work/vmo703/igrmonty_outputs/m87/spectrum_Sa-0.5_4000_RBETAwJET_pos1_trial04.h5,/work/vmo703/igrmonty/logs/SANE_RBETAwJET_a-0.5_t4000_pos1_trial04.par,/work/vmo703/igrmonty/logs/SANE_RBETAwJET_a-0.5_t4000_pos1_trial04.log
2025-11-28T04:41:43,3,SANE,RBETAwJET,-0.5,4000,1,4,1.41830641e+29,5.17635979e-01,5.00000000e-01,2.30000000e+11,3.000,2.000e+05,1,0,/work/vmo703/igrmonty_outputs/m87/spectrum_Sa-0.5_4000_RBETAwJET_pos1_trial04.h5,/work/vmo703/igrmonty/logs/SANE_RBETAwJET_a-0.5_t4000_pos1_trial04.par,/work/vmo703/igrmonty/logs/SANE_RBETAwJET_a-0.5_t4000_pos1_trial04.log
2025-12-01T15:42:41,0,SANE,RBETA,-0.5,4000,0,0,1.41069135e+29,5.17635979e-01,5.00000000e-01,2.30000000e+11,3.000,2.000e+05,1,1,/work/vmo703/igrmonty_outputs/m87/spectrum_Sa-0.h5,/work/vmo703/igrmonty/logs/SANE_RBETA_a-0.5_t4000_pos0.par,/work/vmo703/igrmonty/logs/SANE_RBETA_a-0.5_t4000_pos0.log
2025-12-01T15:54:53,2,SANE,RBETAwJET,-0.5,4000,0,0,1.39086666e+29,5.17635979e-01,5.00000000e-01,2.30000000e+11,3.000,2.000e+05,1,1,/work/vmo703/igrmonty_outputs/m87/spectrum_Sa-0.h5,/work/vmo703/igrmonty/logs/SANE_RBETAwJET_a-0.5_t4000_pos0.par,/work/vmo703/igrmonty/logs/SANE_RBETAwJET_a-0.5_t4000_pos0.log
2025-12-01T17:00:28,2,SANE,RBETAwJET,-0.5,4000,0,1,7.39000000e+28,8.85189965e-02,5.00000000e-01,2.30000000e+11,3.000,2.000e+05,0,0,/work/vmo703/igrmonty_outputs/m87/spectrum_Sa-0.5_4000_RBETAwJET_pos0_trial01.h5,/work/vmo703/igrmonty/logs/SANE_RBETAwJET_a-0.5_t4000_pos0_trial01.par,/work/vmo703/igrmonty/logs/SANE_RBETAwJET_a-0.5_t4000_pos0_trial01.log
2025-12-01T17:56:20,2,SANE,RBETAwJET,-0.5,4000,0,2,1.31610017e+29,4.31630938e-01,5.00000000e-01,2.30000000e+11,3.000,2.000e+05,0,0,/work/vmo703/igrmonty_outputs/m87/spectrum_Sa-0.5_4000_RBETAwJET_pos0_trial02.h5,/work/vmo703/igrmonty/logs/SANE_RBETAwJET_a-0.5_t4000_pos0_trial02.par,/work/vmo703/igrmonty/logs/SANE_RBETAwJET_a-0.5_t4000_pos0_trial02.log
2025-12-01T18:54:36,2,SANE,RBETAwJET,-0.5,4000,0,3,1.38221232e+29,4.94479463e-01,5.00000000e-01,2.30000000e+11,3.000,2.000e+05,0,0,/work/vmo703/igrmonty_outputs/m87/spectrum_Sa-0.5_4000_RBETAwJET_pos0_trial03.h5,/work/vmo703/igrmonty/logs/SANE_RBETAwJET_a-0.5_t4000_pos0_trial03.par,/work/vmo703/igrmonty/logs/SANE_RBETAwJET_a-0.5_t4000_pos0_trial03.log
2025-12-01T18:54:36,2,SANE,RBETAwJET,-0.5,4000,0,3,1.38221232e+29,4.94479463e-01,5.00000000e-01,2.30000000e+11,3.000,2.000e+05,1,0,/work/vmo703/igrmonty_outputs/m87/spectrum_Sa-0.5_4000_RBETAwJET_pos0_trial03.h5,/work/vmo703/igrmonty/logs/SANE_RBETAwJET_a-0.5_t4000_pos0_trial03.par,/work/vmo703/igrmonty/logs/SANE_RBETAwJET_a-0.5_t4000_pos0_trial03.log
2025-12-01T21:32:40,2,SANE,RBETAwJET,-0.5,4000,0,0,1.38221232e+29,4.94479463e-01,5.00000000e-01,2.30000000e+11,3.000,2.000e+05,1,1,/work/vmo703/igrmonty_outputs/m87/spectrum_Sa-0.5_4000_RBETAwJET_pos0.h5,/work/vmo703/igrmonty/logs/SANE_RBETAwJET_a-0.5_t4000_pos0.par,/work/vmo703/igrmonty/logs/SANE_RBETAwJET_a-0.5_t4000_pos0.log
2025-12-02T06:27:37,2,SANE,RBETAwJET,-0.5,4000,0,1,7.39000000e+28,3.88930098e+00,5.00000000e-01,2.30000000e+11,3.000,2.000e+05,0,0,/work/vmo703/igrmonty_outputs/m87/spectrum_Sa-0.5_4000_RBETAwJET_pos0_trial01.h5,/work/vmo703/igrmonty/logs/SANE_RBETAwJET_a-0.5_t4000_pos0_trial01.par,/work/vmo703/igrmonty/logs/SANE_RBETAwJET_a-0.5_t4000_pos0_trial01.log
2025-12-02T10:11:56,2,SANE,RBETAwJET,-0.5,4000,0,2,3.72972881e+28,1.46047052e+00,5.00000000e-01,2.30000000e+11,3.000,2.000e+05,0,0,/work/vmo703/igrmonty_outputs/m87/spectrum_Sa-0.5_4000_RBETAwJET_pos0_trial02.h5,/work/vmo703/igrmonty/logs/SANE_RBETAwJET_a-0.5_t4000_pos0_trial02.par,/work/vmo703/igrmonty/logs/SANE_RBETAwJET_a-0.5_t4000_pos0_trial02.log
2025-12-02T13:19:11,2,SANE,RBETAwJET,-0.5,4000,0,3,2.60917370e+28,8.52644147e-01,5.00000000e-01,2.30000000e+11,3.000,2.000e+05,0,0,/work/vmo703/igrmonty_outputs/m87/spectrum_Sa-0.5_4000_RBETAwJET_pos0_trial03.h5,/work/vmo703/igrmonty/logs/SANE_RBETAwJET_a-0.5_t4000_pos0_trial03.par,/work/vmo703/igrmonty/logs/SANE_RBETAwJET_a-0.5_t4000_pos0_trial03.log
2025-12-02T16:40:19,2,SANE,RBETAwJET,-0.5,4000,0,4,2.18392166e+28,6.40909474e-01,5.00000000e-01,2.30000000e+11,3.000,2.000e+05,0,0,/work/vmo703/igrmonty_outputs/m87/spectrum_Sa-0.5_4000_RBETAwJET_pos0_trial04.h5,/work/vmo703/igrmonty/logs/SANE_RBETAwJET_a-0.5_t4000_pos0_trial04.par,/work/vmo703/igrmonty/logs/SANE_RBETAwJET_a-0.5_t4000_pos0_trial04.log
2025-12-02T19:24:32,2,SANE,RBETAwJET,-0.5,4000,0,5,2.01045717e+28,5.73931567e-01,5.00000000e-01,2.30000000e+11,3.000,2.000e+05,0,0,/work/vmo703/igrmonty_outputs/m87/spectrum_Sa-0.5_4000_RBETAwJET_pos0_trial05.h5,/work/vmo703/igrmonty/logs/SANE_RBETAwJET_a-0.5_t4000_pos0_trial05.par,/work/vmo703/igrmonty/logs/SANE_RBETAwJET_a-0.5_t4000_pos0_trial05.log
2025-12-02T22:41:52,2,SANE,RBETAwJET,-0.5,4000,0,6,1.92013364e+28,5.54196578e-01,5.00000000e-01,2.30000000e+11,3.000,2.000e+05,0,0,/work/vmo703/igrmonty_outputs/m87/spectrum_Sa-0.5_4000_RBETAwJET_pos0_trial06.h5,/work/vmo703/igrmonty/logs/SANE_RBETAwJET_a-0.5_t4000_pos0_trial06.par,/work/vmo703/igrmonty/logs/SANE_RBETAwJET_a-0.5_t4000_pos0_trial06.log
2025-12-03T00:26:54,4,SANE,CRITBETA,-0.5,4000,0,1,6.92600000e+28,4.64952750e-02,5.00000000e-01,2.30000000e+11,3.000,5.000e+03,0,0,/work/vmo703/igrmonty_outputs/m87/spectrum_Sa-0.5_4000_CRITBETA_pos0_trial01.h5,/work/vmo703/igrmonty/logs/SANE_CRITBETA_a-0.5_t4000_pos0_trial01.par,/work/vmo703/igrmonty/logs/SANE_CRITBETA_a-0.5_t4000_pos0_trial01.log
2025-12-03T00:43:11,4,SANE,CRITBETA,-0.5,4000,0,1,6.92600000e+28,5.07376153e-02,5.00000000e-01,2.30000000e+11,3.000,5.000e+03,0,0,/work/vmo703/igrmonty_outputs/m87/spectrum_Sa-0.5_4000_CRITBETA_pos0_trial01.h5,/work/vmo703/igrmonty/logs/SANE_CRITBETA_a-0.5_t4000_pos0_trial01.par,/work/vmo703/igrmonty/logs/SANE_CRITBETA_a-0.5_t4000_pos0_trial01.log
2025-12-03T00:53:36,4,SANE,CRITBETA,-0.5,4000,0,2,1.48489520e+29,2.66709179e-01,5.00000000e-01,2.30000000e+11,3.000,5.000e+03,0,0,/work/vmo703/igrmonty_outputs/m87/spectrum_Sa-0.5_4000_CRITBETA_pos0_trial02.h5,/work/vmo703/igrmonty/logs/SANE_CRITBETA_a-0.5_t4000_pos0_trial02.par,/work/vmo703/igrmonty/logs/SANE_CRITBETA_a-0.5_t4000_pos0_trial02.log
2025-12-03T01:02:33,4,SANE,CRITBETA,-0.5,4000,0,3,1.83093595e+29,8.23766150e-01,5.00000000e-01,2.30000000e+11,3.000,5.000e+03,0,0,/work/vmo703/igrmonty_outputs/m87/spectrum_Sa-0.5_4000_CRITBETA_pos0_trial03.h5,/work/vmo703/igrmonty/logs/SANE_CRITBETA_a-0.5_t4000_pos0_trial03.par,/work/vmo703/igrmonty/logs/SANE_CRITBETA_a-0.5_t4000_pos0_trial03.log
2025-12-03T01:13:15,4,SANE,CRITBETA,-0.5,4000,0,4,1.55022656e+29,3.37421274e-01,5.00000000e-01,2.30000000e+11,3.000,5.000e+03,0,0,/work/vmo703/igrmonty_outputs/m87/spectrum_Sa-0.5_4000_CRITBETA_pos0_trial04.h5,/work/vmo703/igrmonty/logs/SANE_CRITBETA_a-0.5_t4000_pos0_trial04.par,/work/vmo703/igrmonty/logs/SANE_CRITBETA_a-0.5_t4000_pos0_trial04.log
2025-12-03T01:22:38,4,SANE,CRITBETA,-0.5,4000,0,5,1.76737085e+29,6.28202342e-01,5.00000000e-01,2.30000000e+11,3.000,5.000e+03,0,0,/work/vmo703/igrmonty_outputs/m87/spectrum_Sa-0.5_4000_CRITBETA_pos0_trial05.h5,/work/vmo703/igrmonty/logs/SANE_CRITBETA_a-0.5_t4000_pos0_trial05.par,/work/vmo703/igrmonty/logs/SANE_CRITBETA_a-0.5_t4000_pos0_trial05.log
2025-12-03T01:33:09,4,SANE,CRITBETA,-0.5,4000,0,6,1.63788915e+29,5.18808464e-01,5.00000000e-01,2.30000000e+11,3.000,5.000e+03,0,0,/work/vmo703/igrmonty_outputs/m87/spectrum_Sa-0.5_4000_CRITBETA_pos0_trial06.h5,/work/vmo703/igrmonty/logs/SANE_CRITBETA_a-0.5_t4000_pos0_trial06.par,/work/vmo703/igrmonty/logs/SANE_CRITBETA_a-0.5_t4000_pos0_trial06.log
2025-12-03T01:33:09,4,SANE,CRITBETA,-0.5,4000,0,6,1.63788915e+29,5.18808464e-01,5.00000000e-01,2.30000000e+11,3.000,5.000e+03,1,0,/work/vmo703/igrmonty_outputs/m87/spectrum_Sa-0.5_4000_CRITBETA_pos0_trial06.h5,/work/vmo703/igrmonty/logs/SANE_CRITBETA_a-0.5_t4000_pos0_trial06.par,/work/vmo703/igrmonty/logs/SANE_CRITBETA_a-0.5_t4000_pos0_trial06.log
2025-12-03T03:39:49,4,SANE,CRITBETA,-0.5,4000,0,1,6.92600000e+28,4.59189448e-02,5.00000000e-01,2.30000000e+11,3.000,2.000e+05,0,0,/work/vmo703/igrmonty_outputs/m87/spectrum_Sa-0.5_4000_CRITBETA_pos0_trial01.h5,/work/vmo703/igrmonty/logs/SANE_CRITBETA_a-0.5_t4000_pos0_trial01.par,/work/vmo703/igrmonty/logs/SANE_CRITBETA_a-0.5_t4000_pos0_trial01.log
2025-12-03T05:37:43,4,SANE,CRITBETA,-0.5,4000,0,2,1.53511832e+29,4.07865569e-01,5.00000000e-01,2.30000000e+11,3.000,2.000e+05,0,0,/work/vmo703/igrmonty_outputs/m87/spectrum_Sa-0.5_4000_CRITBETA_pos0_trial02.h5,/work/vmo703/igrmonty/logs/SANE_CRITBETA_a-0.5_t4000_pos0_trial02.par,/work/vmo703/igrmonty/logs/SANE_CRITBETA_a-0.5_t4000_pos0_trial02.log
2025-12-03T06:57:23,4,SANE,CRITBETA,-0.5,4000,0,3,1.64295692e+29,5.02809385e-01,5.00000000e-01,2.30000000e+11,3.000,2.000e+05,0,0,/work/vmo703/igrmonty_outputs/m87/spectrum_Sa-0.5_4000_CRITBETA_pos0_trial03.h5,/work/vmo703/igrmonty/logs/SANE_CRITBETA_a-0.5_t4000_pos0_trial03.par,/work/vmo703/igrmonty/logs/SANE_CRITBETA_a-0.5_t4000_pos0_trial03.log
2025-12-03T06:57:23,4,SANE,CRITBETA,-0.5,4000,0,3,1.64295692e+29,5.02809385e-01,5.00000000e-01,2.30000000e+11,3.000,2.000e+05,1,0,/work/vmo703/igrmonty_outputs/m87/spectrum_Sa-0.5_4000_CRITBETA_pos0_trial03.h5,/work/vmo703/igrmonty/logs/SANE_CRITBETA_a-0.5_t4000_pos0_trial03.par,/work/vmo703/igrmonty/logs/SANE_CRITBETA_a-0.5_t4000_pos0_trial03.log
2025-12-03T17:55:33,4,SANE,CRITBETA,-0.5,4000,0,1,6.92600000e+28,8.14968080e-02,5.00000000e-01,2.30000000e+11,3.000,2.000e+05,0,0,/work/vmo703/igrmonty_outputs/m87/spectrum_Sa-0.5_4000_CRITBETA_pos0_trial01.h5,/work/vmo703/igrmonty/logs/SANE_CRITBETA_a-0.5_t4000_pos0_trial01.par,/work/vmo703/igrmonty/logs/SANE_CRITBETA_a-0.5_t4000_pos0_trial01.log
2025-12-03T19:06:33,4,SANE,CRITBETA,-0.5,4000,0,2,1.26792127e+29,3.60800142e-01,5.00000000e-01,2.30000000e+11,3.000,2.000e+05,0,0,/work/vmo703/igrmonty_outputs/m87/spectrum_Sa-0.5_4000_CRITBETA_pos0_trial02.h5,/work/vmo703/igrmonty/logs/SANE_CRITBETA_a-0.5_t4000_pos0_trial02.par,/work/vmo703/igrmonty/logs/SANE_CRITBETA_a-0.5_t4000_pos0_trial02.log
2025-12-03T20:07:58,4,SANE,CRITBETA,-0.5,4000,0,3,1.41360061e+29,5.45237296e-01,5.00000000e-01,2.30000000e+11,3.000,2.000e+05,0,0,/work/vmo703/igrmonty_outputs/m87/spectrum_Sa-0.5_4000_CRITBETA_pos0_trial03.h5,/work/vmo703/igrmonty/logs/SANE_CRITBETA_a-0.5_t4000_pos0_trial03.par,/work/vmo703/igrmonty/logs/SANE_CRITBETA_a-0.5_t4000_pos0_trial03.log
2025-12-03T22:09:56,4,SANE,CRITBETA,-0.5,4000,0,4,1.37337206e+29,5.17926162e-01,5.00000000e-01,2.30000000e+11,3.000,2.000e+05,0,0,/work/vmo703/igrmonty_outputs/m87/spectrum_Sa-0.5_4000_CRITBETA_pos0_trial04.h5,/work/vmo703/igrmonty/logs/SANE_CRITBETA_a-0.5_t4000_pos0_trial04.par,/work/vmo703/igrmonty/logs/SANE_CRITBETA_a-0.5_t4000_pos0_trial04.log
2025-12-03T22:09:56,4,SANE,CRITBETA,-0.5,4000,0,4,1.37337206e+29,5.17926162e-01,5.00000000e-01,2.30000000e+11,3.000,2.000e+05,1,0,/work/vmo703/igrmonty_outputs/m87/spectrum_Sa-0.5_4000_CRITBETA_pos0_trial04.h5,/work/vmo703/igrmonty/logs/SANE_CRITBETA_a-0.5_t4000_pos0_trial04.par,/work/vmo703/igrmonty/logs/SANE_CRITBETA_a-0.5_t4000_pos0_trial04.log
2025-12-04T01:00:25,4,SANE,CRITBETA,-0.5,4000,0,1,6.92600000e+28,9.06397938e-02,5.00000000e-01,2.30000000e+11,2.000,2.000e+05,0,0,/work/vmo703/igrmonty_outputs/m87/spectrum_Sa-0.5_4000_CRITBETA_pos0_trial01.h5,/work/vmo703/igrmonty/logs/SANE_CRITBETA_a-0.5_t4000_pos0_trial01.par,/work/vmo703/igrmonty/logs/SANE_CRITBETA_a-0.5_t4000_pos0_trial01.log
2025-12-04T01:31:21,4,SANE,CRITBETA,-0.5,4000,0,2,1.62670213e+29,7.99773123e-01,5.00000000e-01,2.30000000e+11,2.000,2.000e+05,0,0,/work/vmo703/igrmonty_outputs/m87/spectrum_Sa-0.5_4000_CRITBETA_pos0_trial02.h5,/work/vmo703/igrmonty/logs/SANE_CRITBETA_a-0.5_t4000_pos0_trial02.par,/work/vmo703/igrmonty/logs/SANE_CRITBETA_a-0.5_t4000_pos0_trial02.log
2025-12-04T02:02:40,4,SANE,CRITBETA,-0.5,4000,0,3,1.28620334e+29,3.75374684e-01,5.00000000e-01,2.30000000e+11,2.000,2.000e+05,0,0,/work/vmo703/igrmonty_outputs/m87/spectrum_Sa-0.5_4000_CRITBETA_pos0_trial03.h5,/work/vmo703/igrmonty/logs/SANE_CRITBETA_a-0.5_t4000_pos0_trial03.par,/work/vmo703/igrmonty/logs/SANE_CRITBETA_a-0.5_t4000_pos0_trial03.log
2025-12-04T02:34:14,4,SANE,CRITBETA,-0.5,4000,0,4,1.48443828e+29,5.55375525e-01,5.00000000e-01,2.30000000e+11,2.000,2.000e+05,0,0,/work/vmo703/igrmonty_outputs/m87/spectrum_Sa-0.5_4000_CRITBETA_pos0_trial04.h5,/work/vmo703/igrmonty/logs/SANE_CRITBETA_a-0.5_t4000_pos0_trial04.par,/work/vmo703/igrmonty/logs/SANE_CRITBETA_a-0.5_t4000_pos0_trial04.log
2025-12-04T03:05:41,4,SANE,CRITBETA,-0.5,4000,0,5,1.40849004e+29,5.19129956e-01,5.00000000e-01,2.30000000e+11,2.000,2.000e+05,0,0,/work/vmo703/igrmonty_outputs/m87/spectrum_Sa-0.5_4000_CRITBETA_pos0_trial05.h5,/work/vmo703/igrmonty/logs/SANE_CRITBETA_a-0.5_t4000_pos0_trial05.par,/work/vmo703/igrmonty/logs/SANE_CRITBETA_a-0.5_t4000_pos0_trial05.log
2025-12-04T03:05:41,4,SANE,CRITBETA,-0.5,4000,0,5,1.40849004e+29,5.19129956e-01,5.00000000e-01,2.30000000e+11,2.000,2.000e+05,1,0,/work/vmo703/igrmonty_outputs/m87/spectrum_Sa-0.5_4000_CRITBETA_pos0_trial05.h5,/work/vmo703/igrmonty/logs/SANE_CRITBETA_a-0.5_t4000_pos0_trial05.par,/work/vmo703/igrmonty/logs/SANE_CRITBETA_a-0.5_t4000_pos0_trial05.log
2025-12-04T04:55:27,4,SANE,CRITBETA,-0.5,4000,0,1,6.92600000e+28,7.77965861e-02,5.00000000e-01,2.30000000e+11,2.000,2.000e+05,0,0,/work/vmo703/igrmonty_outputs/m87/spectrum_Sa-0.5_4000_CRITBETA_pos0_trial01.h5,/work/vmo703/igrmonty/logs/SANE_CRITBETA_a-0.5_t4000_pos0_trial01.par,/work/vmo703/igrmonty/logs/SANE_CRITBETA_a-0.5_t4000_pos0_trial01.log
2025-12-04T06:20:13,4,SANE,CRITBETA,-0.5,4000,0,2,1.75584922e+29,8.53322523e-01,5.00000000e-01,2.30000000e+11,2.000,2.000e+05,0,0,/work/vmo703/igrmonty_outputs/m87/spectrum_Sa-0.5_4000_CRITBETA_pos0_trial02.h5,/work/vmo703/igrmonty/logs/SANE_CRITBETA_a-0.5_t4000_pos0_trial02.par,/work/vmo703/igrmonty/logs/SANE_CRITBETA_a-0.5_t4000_pos0_trial02.log
2025-12-04T07:23:37,4,SANE,CRITBETA,-0.5,4000,0,3,1.34405060e+29,4.87970466e-01,5.00000000e-01,2.30000000e+11,2.000,2.000e+05,0,0,/work/vmo703/igrmonty_outputs/m87/spectrum_Sa-0.5_4000_CRITBETA_pos0_trial03.h5,/work/vmo703/igrmonty/logs/SANE_CRITBETA_a-0.5_t4000_pos0_trial03.par,/work/vmo703/igrmonty/logs/SANE_CRITBETA_a-0.5_t4000_pos0_trial03.log
2025-12-04T07:23:37,4,SANE,CRITBETA,-0.5,4000,0,3,1.34405060e+29,4.87970466e-01,5.00000000e-01,2.30000000e+11,2.000,2.000e+05,1,0,/work/vmo703/igrmonty_outputs/m87/spectrum_Sa-0.5_4000_CRITBETA_pos0_trial03.h5,/work/vmo703/igrmonty/logs/SANE_CRITBETA_a-0.5_t4000_pos0_trial03.par,/work/vmo703/igrmonty/logs/SANE_CRITBETA_a-0.5_t4000_pos0_trial03.log

2026-01-02T23:03:43,8,SANE,CRITBETA,-0.5,4000,0,1,6.92600000e+28,8.68680973e-02,5.00000000e-01,2.30000000e+11,2.000,2.000e+05,0,0,/work/vmo703/igrmonty_outputs/m87/spectrum_Sa-0.5_4000_CRITBETA_pos0_trial01.h5,/work/vmo703/igrmonty/logs/SANE_CRITBETA_a-0.5_t4000_pos0_trial01.par,/work/vmo703/igrmonty/logs/SANE_CRITBETA_a-0.5_t4000_pos0_trial01.log
2026-01-03T00:10:52,4,MAD,RBETA,-0.5,4000,0,1,3.39720000e+25,2.55820680e-01,5.00000000e-01,2.30000000e+11,2.000,2.000e+05,0,0,/work/vmo703/igrmonty_outputs/m87/spectrum_Ma-0.5_4000_RBETA_pos0_trial01.h5,/work/vmo703/igrmonty/logs/MAD_RBETA_a-0.5_t4000_pos0_trial01.par,/work/vmo703/igrmonty/logs/MAD_RBETA_a-0.5_t4000_pos0_trial01.log
2026-01-03T00:20:38,8,SANE,CRITBETA,-0.5,4000,0,2,1.66164152e+29,8.28316838e-01,5.00000000e-01,2.30000000e+11,2.000,2.000e+05,0,0,/work/vmo703/igrmonty_outputs/m87/spectrum_Sa-0.5_4000_CRITBETA_pos0_trial02.h5,/work/vmo703/igrmonty/logs/SANE_CRITBETA_a-0.5_t4000_pos0_trial02.par,/work/vmo703/igrmonty/logs/SANE_CRITBETA_a-0.5_t4000_pos0_trial02.log
2026-01-03T00:43:10,9,SANE,CRITBETA,0.94,4000,0,1,3.51300000e+27,7.61597145e+00,5.00000000e-01,2.30000000e+11,2.000,2.000e+05,0,0,/work/vmo703/igrmonty_outputs/m87/spectrum_Sa+0.94_4000_CRITBETA_pos0_trial01.h5,/work/vmo703/igrmonty/logs/SANE_CRITBETA_a+0.94_t4000_pos0_trial01.par,/work/vmo703/igrmonty/logs/SANE_CRITBETA_a+0.94_t4000_pos0_trial01.log
2026-01-03T01:45:47,8,SANE,CRITBETA,-0.5,4000,0,3,1.29099361e+29,4.05867705e-01,5.00000000e-01,2.30000000e+11,2.000,2.000e+05,0,0,/work/vmo703/igrmonty_outputs/m87/spectrum_Sa-0.5_4000_CRITBETA_pos0_trial03.h5,/work/vmo703/igrmonty/logs/SANE_CRITBETA_a-0.5_t4000_pos0_trial03.par,/work/vmo703/igrmonty/logs/SANE_CRITBETA_a-0.5_t4000_pos0_trial03.log
2026-01-03T02:44:07,4,MAD,RBETA,-0.5,4000,0,2,4.74939502e+25,5.57221026e-01,5.00000000e-01,2.30000000e+11,2.000,2.000e+05,0,0,/work/vmo703/igrmonty_outputs/m87/spectrum_Ma-0.5_4000_RBETA_pos0_trial02.h5,/work/vmo703/igrmonty/logs/MAD_RBETA_a-0.5_t4000_pos0_trial02.par,/work/vmo703/igrmonty/logs/MAD_RBETA_a-0.5_t4000_pos0_trial02.log
2026-01-03T03:20:08,5,MAD,RBETA,0.94,4000,0,1,1.34880000e+25,8.34657087e-01,5.00000000e-01,2.30000000e+11,2.000,2.000e+05,0,0,/work/vmo703/igrmonty_outputs/m87/spectrum_Ma+0.94_4000_RBETA_pos0_trial01.h5,/work/vmo703/igrmonty/logs/MAD_RBETA_a+0.94_t4000_pos0_trial01.par,/work/vmo703/igrmonty/logs/MAD_RBETA_a+0.94_t4000_pos0_trial01.log
2026-01-03T04:12:01,8,SANE,CRITBETA,-0.5,4000,0,4,1.43290318e+29,5.34290365e-01,5.00000000e-01,2.30000000e+11,2.000,2.000e+05,0,0,/work/vmo703/igrmonty_outputs/m87/spectrum_Sa-0.5_4000_CRITBETA_pos0_trial04.h5,/work/vmo703/igrmonty/logs/SANE_CRITBETA_a-0.5_t4000_pos0_trial04.par,/work/vmo703/igrmonty/logs/SANE_CRITBETA_a-0.5_t4000_pos0_trial04.log
2026-01-03T04:29:20,9,SANE,CRITBETA,0.94,4000,0,2,9.00120180e+26,3.14091885e-01,5.00000000e-01,2.30000000e+11,2.000,2.000e+05,0,0,/work/vmo703/igrmonty_outputs/m87/spectrum_Sa+0.94_4000_CRITBETA_pos0_trial02.h5,/work/vmo703/igrmonty/logs/SANE_CRITBETA_a+0.94_t4000_pos0_trial02.par,/work/vmo703/igrmonty/logs/SANE_CRITBETA_a+0.94_t4000_pos0_trial02.log
2026-01-03T05:33:11,8,SANE,CRITBETA,-0.5,4000,0,5,1.38615941e+29,4.76295904e-01,5.00000000e-01,2.30000000e+11,2.000,2.000e+05,0,0,/work/vmo703/igrmonty_outputs/m87/spectrum_Sa-0.5_4000_CRITBETA_pos0_trial05.h5,/work/vmo703/igrmonty/logs/SANE_CRITBETA_a-0.5_t4000_pos0_trial05.par,/work/vmo703/igrmonty/logs/SANE_CRITBETA_a-0.5_t4000_pos0_trial05.log
2026-01-03T05:33:11,8,SANE,CRITBETA,-0.5,4000,0,5,1.38615941e+29,4.76295904e-01,5.00000000e-01,2.30000000e+11,2.000,2.000e+05,1,0,/work/vmo703/igrmonty_outputs/m87/spectrum_Sa-0.5_4000_CRITBETA_pos0_trial05.h5,/work/vmo703/igrmonty/logs/SANE_CRITBETA_a-0.5_t4000_pos0_trial05.par,/work/vmo703/igrmonty/logs/SANE_CRITBETA_a-0.5_t4000_pos0_trial05.log
2026-01-03T05:35:21,4,MAD,RBETA,-0.5,4000,0,3,4.49893323e+25,5.05196193e-01,5.00000000e-01,2.30000000e+11,2.000,2.000e+05,0,0,/work/vmo703/igrmonty_outputs/m87/spectrum_Ma-0.5_4000_RBETA_pos0_trial03.h5,/work/vmo703/igrmonty/logs/MAD_RBETA_a-0.5_t4000_pos0_trial03.par,/work/vmo703/igrmonty/logs/MAD_RBETA_a-0.5_t4000_pos0_trial03.log
2026-01-03T05:35:21,4,MAD,RBETA,-0.5,4000,0,3,4.49893323e+25,5.05196193e-01,5.00000000e-01,2.30000000e+11,2.000,2.000e+05,1,0,/work/vmo703/igrmonty_outputs/m87/spectrum_Ma-0.5_4000_RBETA_pos0_trial03.h5,/work/vmo703/igrmonty/logs/MAD_RBETA_a-0.5_t4000_pos0_trial03.par,/work/vmo703/igrmonty/logs/MAD_RBETA_a-0.5_t4000_pos0_trial03.log
2026-01-03T07:24:22,0,MAD,CRITBETA,-0.5,4000,0,1,2.87250000e+25,1.22366592e+00,5.00000000e-01,2.30000000e+11,2.000,2.000e+05,0,0,/work/vmo703/igrmonty_outputs/m87/spectrum_Ma-0.5_4000_CRITBETA_pos0_trial01.h5,/work/vmo703/igrmonty/logs/MAD_CRITBETA_a-0.5_t4000_pos0_trial01.par,/work/vmo703/igrmonty/logs/MAD_CRITBETA_a-0.5_t4000_pos0_trial01.log
2026-01-03T08:16:36,9,SANE,CRITBETA,0.94,4000,0,3,1.13568305e+27,5.43431080e-01,5.00000000e-01,2.30000000e+11,2.000,2.000e+05,0,0,/work/vmo703/igrmonty_outputs/m87/spectrum_Sa+0.94_4000_CRITBETA_pos0_trial03.h5,/work/vmo703/igrmonty/logs/SANE_CRITBETA_a+0.94_t4000_pos0_trial03.par,/work/vmo703/igrmonty/logs/SANE_CRITBETA_a+0.94_t4000_pos0_trial03.log
2026-01-03T08:52:54,5,MAD,RBETA,0.94,4000,0,2,1.04394716e+25,4.85286624e-01,5.00000000e-01,2.30000000e+11,2.000,2.000e+05,0,0,/work/vmo703/igrmonty_outputs/m87/spectrum_Ma+0.94_4000_RBETA_pos0_trial02.h5,/work/vmo703/igrmonty/logs/MAD_RBETA_a+0.94_t4000_pos0_trial02.par,/work/vmo703/igrmonty/logs/MAD_RBETA_a+0.94_t4000_pos0_trial02.log
2026-01-03T08:52:54,5,MAD,RBETA,0.94,4000,0,2,1.04394716e+25,4.85286624e-01,5.00000000e-01,2.30000000e+11,2.000,2.000e+05,1,0,/work/vmo703/igrmonty_outputs/m87/spectrum_Ma+0.94_4000_RBETA_pos0_trial02.h5,/work/vmo703/igrmonty/logs/MAD_RBETA_a+0.94_t4000_pos0_trial02.par,/work/vmo703/igrmonty/logs/MAD_RBETA_a+0.94_t4000_pos0_trial02.log
2026-01-03T09:41:19,12,SANE,RBETA,-0.5,4000,0,1,1.01240000e+29,2.13224261e-01,5.00000000e-01,2.30000000e+11,2.000,2.000e+05,0,0,/work/vmo703/igrmonty_outputs/m87/spectrum_Sa-0.5_4000_RBETA_pos0_trial01.h5,/work/vmo703/igrmonty/logs/SANE_RBETA_a-0.5_t4000_pos0_trial01.par,/work/vmo703/igrmonty/logs/SANE_RBETA_a-0.5_t4000_pos0_trial01.log
2026-01-03T10:36:41,12,SANE,RBETA,-0.5,4000,0,2,1.55031100e+29,6.87025460e-01,5.00000000e-01,2.30000000e+11,2.000,2.000e+05,0,0,/work/vmo703/igrmonty_outputs/m87/spectrum_Sa-0.5_4000_RBETA_pos0_trial02.h5,/work/vmo703/igrmonty/logs/SANE_RBETA_a-0.5_t4000_pos0_trial02.par,/work/vmo703/igrmonty/logs/SANE_RBETA_a-0.5_t4000_pos0_trial02.log
2026-01-03T11:35:29,12,SANE,RBETA,-0.5,4000,0,3,1.32256619e+29,4.36224366e-01,5.00000000e-01,2.30000000e+11,2.000,2.000e+05,0,0,/work/vmo703/igrmonty_outputs/m87/spectrum_Sa-0.5_4000_RBETA_pos0_trial03.h5,/work/vmo703/igrmonty/logs/SANE_RBETA_a-0.5_t4000_pos0_trial03.par,/work/vmo703/igrmonty/logs/SANE_RBETA_a-0.5_t4000_pos0_trial03.log
2026-01-03T12:13:09,9,SANE,CRITBETA,0.94,4000,0,4,1.08935620e+27,4.78103266e-01,5.00000000e-01,2.30000000e+11,2.000,2.000e+05,0,0,/work/vmo703/igrmonty_outputs/m87/spectrum_Sa+0.94_4000_CRITBETA_pos0_trial04.h5,/work/vmo703/igrmonty/logs/SANE_CRITBETA_a+0.94_t4000_pos0_trial04.par,/work/vmo703/igrmonty/logs/SANE_CRITBETA_a+0.94_t4000_pos0_trial04.log
2026-01-03T12:13:09,9,SANE,CRITBETA,0.94,4000,0,4,1.08935620e+27,4.78103266e-01,5.00000000e-01,2.30000000e+11,2.000,2.000e+05,1,0,/work/vmo703/igrmonty_outputs/m87/spectrum_Sa+0.94_4000_CRITBETA_pos0_trial04.h5,/work/vmo703/igrmonty/logs/SANE_CRITBETA_a+0.94_t4000_pos0_trial04.par,/work/vmo703/igrmonty/logs/SANE_CRITBETA_a+0.94_t4000_pos0_trial04.log
2026-01-03T12:37:26,12,SANE,RBETA,-0.5,4000,0,4,1.41594850e+29,5.31765158e-01,5.00000000e-01,2.30000000e+11,2.000,2.000e+05,0,0,/work/vmo703/igrmonty_outputs/m87/spectrum_Sa-0.5_4000_RBETA_pos0_trial04.h5,/work/vmo703/igrmonty/logs/SANE_RBETA_a-0.5_t4000_pos0_trial04.par,/work/vmo703/igrmonty/logs/SANE_RBETA_a-0.5_t4000_pos0_trial04.log
2026-01-03T13:36:04,12,SANE,RBETA,-0.5,4000,0,5,1.37300627e+29,4.67411664e-01,5.00000000e-01,2.30000000e+11,2.000,2.000e+05,0,0,/work/vmo703/igrmonty_outputs/m87/spectrum_Sa-0.5_4000_RBETA_pos0_trial05.h5,/work/vmo703/igrmonty/logs/SANE_RBETA_a-0.5_t4000_pos0_trial05.par,/work/vmo703/igrmonty/logs/SANE_RBETA_a-0.5_t4000_pos0_trial05.log
2026-01-03T13:46:17,13,SANE,RBETA,0.94,4000,0,1,2.81760000e+27,8.76737074e-01,5.00000000e-01,2.30000000e+11,2.000,2.000e+05,0,0,/work/vmo703/igrmonty_outputs/m87/spectrum_Sa+0.94_4000_RBETA_pos0_trial01.h5,/work/vmo703/igrmonty/logs/SANE_RBETA_a+0.94_t4000_pos0_trial01.par,/work/vmo703/igrmonty/logs/SANE_RBETA_a+0.94_t4000_pos0_trial01.log
2026-01-03T14:08:53,11,SANE,CRITBETAwJET,0.94,4000,0,1,3.51300000e+27,1.36402499e+01,5.00000000e-01,2.30000000e+11,2.000,2.000e+05,0,0,/work/vmo703/igrmonty_outputs/m87/spectrum_Sa+0.94_4000_CRITBETAwJET_pos0_trial01.h5,/work/vmo703/igrmonty/logs/SANE_CRITBETAwJET_a+0.94_t4000_pos0_trial01.par,/work/vmo703/igrmonty/logs/SANE_CRITBETAwJET_a+0.94_t4000_pos0_trial01.log
2026-01-03T14:42:48,12,SANE,RBETA,-0.5,4000,0,6,1.42006345e+29,5.28004387e-01,5.00000000e-01,2.30000000e+11,2.000,2.000e+05,0,0,/work/vmo703/igrmonty_outputs/m87/spectrum_Sa-0.5_4000_RBETA_pos0_trial06.h5,/work/vmo703/igrmonty/logs/SANE_RBETA_a-0.5_t4000_pos0_trial06.par,/work/vmo703/igrmonty/logs/SANE_RBETA_a-0.5_t4000_pos0_trial06.log
2026-01-03T15:30:58,13,SANE,RBETA,0.94,4000,0,2,2.12779437e+27,4.10690007e-01,5.00000000e-01,2.30000000e+11,2.000,2.000e+05,0,0,/work/vmo703/igrmonty_outputs/m87/spectrum_Sa+0.94_4000_RBETA_pos0_trial02.h5,/work/vmo703/igrmonty/logs/SANE_RBETA_a+0.94_t4000_pos0_trial02.par,/work/vmo703/igrmonty/logs/SANE_RBETA_a+0.94_t4000_pos0_trial02.log
2026-01-03T15:37:21,12,SANE,RBETA,-0.5,4000,0,7,1.38189163e+29,4.84313985e-01,5.00000000e-01,2.30000000e+11,2.000,2.000e+05,0,0,/work/vmo703/igrmonty_outputs/m87/spectrum_Sa-0.5_4000_RBETA_pos0_trial07.h5,/work/vmo703/igrmonty/logs/SANE_RBETA_a-0.5_t4000_pos0_trial07.par,/work/vmo703/igrmonty/logs/SANE_RBETA_a-0.5_t4000_pos0_trial07.log
2026-01-03T15:37:21,12,SANE,RBETA,-0.5,4000,0,7,1.38189163e+29,4.84313985e-01,5.00000000e-01,2.30000000e+11,2.000,2.000e+05,1,0,/work/vmo703/igrmonty_outputs/m87/spectrum_Sa-0.5_4000_RBETA_pos0_trial07.h5,/work/vmo703/igrmonty/logs/SANE_RBETA_a-0.5_t4000_pos0_trial07.par,/work/vmo703/igrmonty/logs/SANE_RBETA_a-0.5_t4000_pos0_trial07.log
2026-01-03T17:01:51,13,SANE,RBETA,0.94,4000,0,3,2.34778103e+27,5.36893279e-01,5.00000000e-01,2.30000000e+11,2.000,2.000e+05,0,0,/work/vmo703/igrmonty_outputs/m87/spectrum_Sa+0.94_4000_RBETA_pos0_trial03.h5,/work/vmo703/igrmonty/logs/SANE_RBETA_a+0.94_t4000_pos0_trial03.par,/work/vmo703/igrmonty/logs/SANE_RBETA_a+0.94_t4000_pos0_trial03.log
2026-01-03T17:16:00,10,SANE,CRITBETAwJET,-0.5,4000,0,1,5.54300000e+28,2.57309246e+00,5.00000000e-01,2.30000000e+11,2.000,2.000e+05,0,0,/work/vmo703/igrmonty_outputs/m87/spectrum_Sa-0.5_4000_CRITBETAwJET_pos0_trial01.h5,/work/vmo703/igrmonty/logs/SANE_CRITBETAwJET_a-0.5_t4000_pos0_trial01.par,/work/vmo703/igrmonty/logs/SANE_CRITBETAwJET_a-0.5_t4000_pos0_trial01.log
2026-01-03T17:26:19,0,MAD,CRITBETA,-0.5,4000,0,2,1.83617304e+25,5.11824547e-01,5.00000000e-01,2.30000000e+11,2.000,2.000e+05,0,0,/work/vmo703/igrmonty_outputs/m87/spectrum_Ma-0.5_4000_CRITBETA_pos0_trial02.h5,/work/vmo703/igrmonty/logs/MAD_CRITBETA_a-0.5_t4000_pos0_trial02.par,/work/vmo703/igrmonty/logs/MAD_CRITBETA_a-0.5_t4000_pos0_trial02.log
2026-01-03T17:26:19,0,MAD,CRITBETA,-0.5,4000,0,2,1.83617304e+25,5.11824547e-01,5.00000000e-01,2.30000000e+11,2.000,2.000e+05,1,0,/work/vmo703/igrmonty_outputs/m87/spectrum_Ma-0.5_4000_CRITBETA_pos0_trial02.h5,/work/vmo703/igrmonty/logs/MAD_CRITBETA_a-0.5_t4000_pos0_trial02.par,/work/vmo703/igrmonty/logs/MAD_CRITBETA_a-0.5_t4000_pos0_trial02.log
2026-01-03T18:27:36,13,SANE,RBETA,0.94,4000,0,4,2.26568019e+27,4.75683658e-01,5.00000000e-01,2.30000000e+11,2.000,2.000e+05,0,0,/work/vmo703/igrmonty_outputs/m87/spectrum_Sa+0.94_4000_RBETA_pos0_trial04.h5,/work/vmo703/igrmonty/logs/SANE_RBETA_a+0.94_t4000_pos0_trial04.par,/work/vmo703/igrmonty/logs/SANE_RBETA_a+0.94_t4000_pos0_trial04.log
2026-01-03T18:27:36,13,SANE,RBETA,0.94,4000,0,4,2.26568019e+27,4.75683658e-01,5.00000000e-01,2.30000000e+11,2.000,2.000e+05,1,0,/work/vmo703/igrmonty_outputs/m87/spectrum_Sa+0.94_4000_RBETA_pos0_trial04.h5,/work/vmo703/igrmonty/logs/SANE_RBETA_a+0.94_t4000_pos0_trial04.par,/work/vmo703/igrmonty/logs/SANE_RBETA_a+0.94_t4000_pos0_trial04.log
2026-01-03T18:43:56,11,SANE,CRITBETAwJET,0.94,4000,0,2,6.72592451e+26,6.68609207e-01,5.00000000e-01,2.30000000e+11,2.000,2.000e+05,0,0,/work/vmo703/igrmonty_outputs/m87/spectrum_Sa+0.94_4000_CRITBETAwJET_pos0_trial02.h5,/work/vmo703/igrmonty/logs/SANE_CRITBETAwJET_a+0.94_t4000_pos0_trial02.par,/work/vmo703/igrmonty/logs/SANE_CRITBETAwJET_a+0.94_t4000_pos0_trial02.log
2026-01-29T08:08:32,29,SANE,RBETA,0.94,5000,0,1,3.33000000e+27,6.80255907e-01,5.00000000e-01,2.30000000e+11,2.000,5.000e+04,0,0,/work/vmo703/igrmonty_outputs/m87/spectrum_Sa+0.94_5000_RBETA_pos0_trial01.h5,/work/vmo703/igrmonty/logs/SANE_RBETA_a+0.94_t5000_pos0_trial01.par,/work/vmo703/igrmonty/logs/SANE_RBETA_a+0.94_t5000_pos0_trial01.log
2026-01-29T08:10:57,21,MAD,RBETA,0.94,5000,0,1,1.92310000e+25,8.32873823e-01,5.00000000e-01,2.30000000e+11,2.000,5.000e+04,0,0,/work/vmo703/igrmonty_outputs/m87/spectrum_Ma+0.94_5000_RBETA_pos0_trial01.h5,/work/vmo703/igrmonty/logs/MAD_RBETA_a+0.94_t5000_pos0_trial01.par,/work/vmo703/igrmonty/logs/MAD_RBETA_a+0.94_t5000_pos0_trial01.log
2026-01-29T08:53:20,28,SANE,RBETA,-0.5,5000,0,1,7.07500000e+28,9.58671266e-02,5.00000000e-01,2.30000000e+11,2.000,5.000e+04,0,0,/work/vmo703/igrmonty_outputs/m87/spectrum_Sa-0.5_5000_RBETA_pos0_trial01.h5,/work/vmo703/igrmonty/logs/SANE_RBETA_a-0.5_t5000_pos0_trial01.par,/work/vmo703/igrmonty/logs/SANE_RBETA_a-0.5_t5000_pos0_trial01.log
2026-01-29T12:49:53,24,SANE,CRITBETA,-0.5,5000,0,1,6.57500000e+28,1.15842307e-01,5.00000000e-01,2.30000000e+11,2.000,5.000e+04,0,0,/work/vmo703/igrmonty_outputs/m87/spectrum_Sa-0.5_5000_CRITBETA_pos0_trial01.h5,/work/vmo703/igrmonty/logs/SANE_CRITBETA_a-0.5_t5000_pos0_trial01.par,/work/vmo703/igrmonty/logs/SANE_CRITBETA_a-0.5_t5000_pos0_trial01.log
2026-01-29T12:52:08,20,MAD,RBETA,-0.5,5000,0,1,5.04500000e+25,4.17348377e-01,5.00000000e-01,2.30000000e+11,2.000,5.000e+04,0,0,/work/vmo703/igrmonty_outputs/m87/spectrum_Ma-0.5_5000_RBETA_pos0_trial01.h5,/work/vmo703/igrmonty/logs/MAD_RBETA_a-0.5_t5000_pos0_trial01.par,/work/vmo703/igrmonty/logs/MAD_RBETA_a-0.5_t5000_pos0_trial01.log
2026-01-29T13:50:35,4,MAD,RBETA,-0.5,4000,0,1,3.39720000e+25,2.91349223e-01,5.00000000e-01,2.30000000e+11,2.000,5.000e+04,0,0,/work/vmo703/igrmonty_outputs/m87/spectrum_Ma-0.5_4000_RBETA_pos0_trial01.h5,/work/vmo703/igrmonty/logs/MAD_RBETA_a-0.5_t4000_pos0_trial01.par,/work/vmo703/igrmonty/logs/MAD_RBETA_a-0.5_t4000_pos0_trial01.log
2026-01-29T14:26:17,37,MAD,RBETA,0.94,6000,0,1,3.04700000e+25,1.36199602e+00,5.00000000e-01,2.30000000e+11,2.000,5.000e+04,0,0,/work/vmo703/igrmonty_outputs/m87/spectrum_Ma+0.94_6000_RBETA_pos0_trial01.h5,/work/vmo703/igrmonty/logs/MAD_RBETA_a+0.94_t6000_pos0_trial01.par,/work/vmo703/igrmonty/logs/MAD_RBETA_a+0.94_t6000_pos0_trial01.log
2026-01-29T17:38:17,25,SANE,CRITBETA,0.94,5000,0,1,2.28100000e+27,1.17653749e+00,5.00000000e-01,2.30000000e+11,2.000,5.000e+04,0,0,/work/vmo703/igrmonty_outputs/m87/spectrum_Sa+0.94_5000_CRITBETA_pos0_trial01.h5,/work/vmo703/igrmonty/logs/SANE_CRITBETA_a+0.94_t5000_pos0_trial01.par,/work/vmo703/igrmonty/logs/SANE_CRITBETA_a+0.94_t5000_pos0_trial01.log
2026-01-29T17:39:28,28,SANE,RBETA,-0.5,5000,0,2,1.61575903e+29,7.50264563e-01,5.00000000e-01,2.30000000e+11,2.000,5.000e+04,0,0,/work/vmo703/igrmonty_outputs/m87/spectrum_Sa-0.5_5000_RBETA_pos0_trial02.h5,/work/vmo703/igrmonty/logs/SANE_RBETA_a-0.5_t5000_pos0_trial02.par,/work/vmo703/igrmonty/logs/SANE_RBETA_a-0.5_t5000_pos0_trial02.log
2026-01-29T18:08:07,13,SANE,RBETA,0.94,4000,0,1,2.81760000e+27,8.69930760e-01,5.00000000e-01,2.30000000e+11,2.000,5.000e+04,0,0,/work/vmo703/igrmonty_outputs/m87/spectrum_Sa+0.94_4000_RBETA_pos0_trial01.h5,/work/vmo703/igrmonty/logs/SANE_RBETA_a+0.94_t4000_pos0_trial01.par,/work/vmo703/igrmonty/logs/SANE_RBETA_a+0.94_t4000_pos0_trial01.log
2026-01-29T18:35:48,29,SANE,RBETA,0.94,5000,0,2,2.85491429e+27,4.87598855e-01,5.00000000e-01,2.30000000e+11,2.000,5.000e+04,0,0,/work/vmo703/igrmonty_outputs/m87/spectrum_Sa+0.94_5000_RBETA_pos0_trial02.h5,/work/vmo703/igrmonty/logs/SANE_RBETA_a+0.94_t5000_pos0_trial02.par,/work/vmo703/igrmonty/logs/SANE_RBETA_a+0.94_t5000_pos0_trial02.log
2026-01-29T18:35:48,29,SANE,RBETA,0.94,5000,0,2,2.85491429e+27,4.87598855e-01,5.00000000e-01,2.30000000e+11,2.000,5.000e+04,1,0,/work/vmo703/igrmonty_outputs/m87/spectrum_Sa+0.94_5000_RBETA_pos0_trial02.h5,/work/vmo703/igrmonty/logs/SANE_RBETA_a+0.94_t5000_pos0_trial02.par,/work/vmo703/igrmonty/logs/SANE_RBETA_a+0.94_t5000_pos0_trial02.log
2026-01-29T19:11:55,36,MAD,RBETA,-0.5,6000,0,1,5.92030000e+25,3.03427291e-01,5.00000000e-01,2.30000000e+11,2.000,5.000e+04,0,0,/work/vmo703/igrmonty_outputs/m87/spectrum_Ma-0.5_6000_RBETA_pos0_trial01.h5,/work/vmo703/igrmonty/logs/MAD_RBETA_a-0.5_t6000_pos0_trial01.par,/work/vmo703/igrmonty/logs/MAD_RBETA_a-0.5_t6000_pos0_trial01.log
2026-01-29T19:50:52,8,SANE,CRITBETA,-0.5,4000,0,1,6.92600000e+28,8.10929691e-02,5.00000000e-01,2.30000000e+11,2.000,5.000e+04,0,0,/work/vmo703/igrmonty_outputs/m87/spectrum_Sa-0.5_4000_CRITBETA_pos0_trial01.h5,/work/vmo703/igrmonty/logs/SANE_CRITBETA_a-0.5_t4000_pos0_trial01.par,/work/vmo703/igrmonty/logs/SANE_CRITBETA_a-0.5_t4000_pos0_trial01.log
2026-01-29T20:23:44,9,SANE,CRITBETA,0.94,4000,0,1,3.51300000e+27,7.66899658e+00,5.00000000e-01,2.30000000e+11,2.000,5.000e+04,0,0,/work/vmo703/igrmonty_outputs/m87/spectrum_Sa+0.94_4000_CRITBETA_pos0_trial01.h5,/work/vmo703/igrmonty/logs/SANE_CRITBETA_a+0.94_t4000_pos0_trial01.par,/work/vmo703/igrmonty/logs/SANE_CRITBETA_a+0.94_t4000_pos0_trial01.log
2026-01-29T21:03:17,21,MAD,RBETA,0.94,5000,0,2,1.49003772e+25,5.14413020e-01,5.00000000e-01,2.30000000e+11,2.000,5.000e+04,0,0,/work/vmo703/igrmonty_outputs/m87/spectrum_Ma+0.94_5000_RBETA_pos0_trial02.h5,/work/vmo703/igrmonty/logs/MAD_RBETA_a+0.94_t5000_pos0_trial02.par,/work/vmo703/igrmonty/logs/MAD_RBETA_a+0.94_t5000_pos0_trial02.log
2026-01-29T21:03:17,21,MAD,RBETA,0.94,5000,0,2,1.49003772e+25,5.14413020e-01,5.00000000e-01,2.30000000e+11,2.000,5.000e+04,1,0,/work/vmo703/igrmonty_outputs/m87/spectrum_Ma+0.94_5000_RBETA_pos0_trial02.h5,/work/vmo703/igrmonty/logs/MAD_RBETA_a+0.94_t5000_pos0_trial02.par,/work/vmo703/igrmonty/logs/MAD_RBETA_a+0.94_t5000_pos0_trial02.log
2026-01-29T23:43:45,80,SANE,CRITBETA,-0.5,4000,0,1,5.29218396e+28,3.98170203e-02,5.00000000e-01,2.30000000e+11,2.000,5.000e+04,0,0,/work/vmo703/igrmonty_outputs/m87/spectrum_Sa-0.5_4000_CRITBETA_pos0_trial01.h5,/work/vmo703/igrmonty/logs/SANE_CRITBETA_a-0.5_t4000_pos0_trial01.par,/work/vmo703/igrmonty/logs/SANE_CRITBETA_a-0.5_t4000_pos0_trial01.log
2026-01-30T00:02:20,24,SANE,CRITBETA,-0.5,5000,0,2,1.36598887e+29,8.14246159e-01,5.00000000e-01,2.30000000e+11,2.000,5.000e+04,0,0,/work/vmo703/igrmonty_outputs/m87/spectrum_Sa-0.5_5000_CRITBETA_pos0_trial02.h5,/work/vmo703/igrmonty/logs/SANE_CRITBETA_a-0.5_t5000_pos0_trial02.par,/work/vmo703/igrmonty/logs/SANE_CRITBETA_a-0.5_t5000_pos0_trial02.log
2026-01-30T02:15:32,5,MAD,RBETA,0.94,4000,0,1,1.34880000e+25,8.43313216e-01,5.00000000e-01,2.30000000e+11,2.000,5.000e+04,0,0,/work/vmo703/igrmonty_outputs/m87/spectrum_Ma+0.94_4000_RBETA_pos0_trial01.h5,/work/vmo703/igrmonty/logs/MAD_RBETA_a+0.94_t4000_pos0_trial01.par,/work/vmo703/igrmonty/logs/MAD_RBETA_a+0.94_t4000_pos0_trial01.log
2026-01-30T02:44:47,28,SANE,RBETA,-0.5,5000,0,3,1.31902910e+29,4.98547085e-01,5.00000000e-01,2.30000000e+11,2.000,5.000e+04,0,0,/work/vmo703/igrmonty_outputs/m87/spectrum_Sa-0.5_5000_RBETA_pos0_trial03.h5,/work/vmo703/igrmonty/logs/SANE_RBETA_a-0.5_t5000_pos0_trial03.par,/work/vmo703/igrmonty/logs/SANE_RBETA_a-0.5_t5000_pos0_trial03.log
2026-01-30T02:44:47,28,SANE,RBETA,-0.5,5000,0,3,1.31902910e+29,4.98547085e-01,5.00000000e-01,2.30000000e+11,2.000,5.000e+04,1,0,/work/vmo703/igrmonty_outputs/m87/spectrum_Sa-0.5_5000_RBETA_pos0_trial03.h5,/work/vmo703/igrmonty/logs/SANE_RBETA_a-0.5_t5000_pos0_trial03.par,/work/vmo703/igrmonty/logs/SANE_RBETA_a-0.5_t5000_pos0_trial03.log
2026-01-30T04:58:30,8,SANE,CRITBETA,-0.5,4000,0,2,1.71979186e+29,6.87823668e-01,5.00000000e-01,2.30000000e+11,2.000,5.000e+04,0,0,/work/vmo703/igrmonty_outputs/m87/spectrum_Sa-0.5_4000_CRITBETA_pos0_trial02.h5,/work/vmo703/igrmonty/logs/SANE_CRITBETA_a-0.5_t4000_pos0_trial02.par,/work/vmo703/igrmonty/logs/SANE_CRITBETA_a-0.5_t4000_pos0_trial02.log
2026-01-30T05:41:40,13,SANE,RBETA,0.94,4000,0,2,2.13610205e+27,4.38231248e-01,5.00000000e-01,2.30000000e+11,2.000,5.000e+04,0,0,/work/vmo703/igrmonty_outputs/m87/spectrum_Sa+0.94_4000_RBETA_pos0_trial02.h5,/work/vmo703/igrmonty/logs/SANE_RBETA_a+0.94_t4000_pos0_trial02.par,/work/vmo703/igrmonty/logs/SANE_RBETA_a+0.94_t4000_pos0_trial02.log
2026-01-30T06:20:24,4,MAD,RBETA,-0.5,4000,0,2,4.45040142e+25,4.79709252e-01,5.00000000e-01,2.30000000e+11,2.000,5.000e+04,0,0,/work/vmo703/igrmonty_outputs/m87/spectrum_Ma-0.5_4000_RBETA_pos0_trial02.h5,/work/vmo703/igrmonty/logs/MAD_RBETA_a-0.5_t4000_pos0_trial02.par,/work/vmo703/igrmonty/logs/MAD_RBETA_a-0.5_t4000_pos0_trial02.log
2026-01-30T06:20:24,4,MAD,RBETA,-0.5,4000,0,2,4.45040142e+25,4.79709252e-01,5.00000000e-01,2.30000000e+11,2.000,5.000e+04,1,0,/work/vmo703/igrmonty_outputs/m87/spectrum_Ma-0.5_4000_RBETA_pos0_trial02.h5,/work/vmo703/igrmonty/logs/MAD_RBETA_a-0.5_t4000_pos0_trial02.par,/work/vmo703/igrmonty/logs/MAD_RBETA_a-0.5_t4000_pos0_trial02.log
2026-01-30T06:59:16,37,MAD,RBETA,0.94,6000,0,2,1.84616085e+25,4.71406292e-01,5.00000000e-01,2.30000000e+11,2.000,5.000e+04,0,0,/work/vmo703/igrmonty_outputs/m87/spectrum_Ma+0.94_6000_RBETA_pos0_trial02.h5,/work/vmo703/igrmonty/logs/MAD_RBETA_a+0.94_t6000_pos0_trial02.par,/work/vmo703/igrmonty/logs/MAD_RBETA_a+0.94_t6000_pos0_trial02.log
2026-01-30T07:14:40,20,MAD,RBETA,-0.5,5000,0,2,5.52200516e+25,4.75406063e-01,5.00000000e-01,2.30000000e+11,2.000,5.000e+04,0,0,/work/vmo703/igrmonty_outputs/m87/spectrum_Ma-0.5_5000_RBETA_pos0_trial02.h5,/work/vmo703/igrmonty/logs/MAD_RBETA_a-0.5_t5000_pos0_trial02.par,/work/vmo703/igrmonty/logs/MAD_RBETA_a-0.5_t5000_pos0_trial02.log
2026-01-30T07:14:40,20,MAD,RBETA,-0.5,5000,0,2,5.52200516e+25,4.75406063e-01,5.00000000e-01,2.30000000e+11,2.000,5.000e+04,1,0,/work/vmo703/igrmonty_outputs/m87/spectrum_Ma-0.5_5000_RBETA_pos0_trial02.h5,/work/vmo703/igrmonty/logs/MAD_RBETA_a-0.5_t5000_pos0_trial02.par,/work/vmo703/igrmonty/logs/MAD_RBETA_a-0.5_t5000_pos0_trial02.log
2026-01-30T07:49:48,81,SANE,CRITBETA,-0.5,4000,0,1,5.29218396e+28,3.98170203e-02,5.00000000e-01,2.30000000e+11,2.000,5.000e+04,0,0,/work/vmo703/igrmonty_outputs/m87/spectrum_Sa-0.5_4000_CRITBETA_pos0_trial01.h5,/work/vmo703/igrmonty/logs/SANE_CRITBETA_a-0.5_t4000_pos0_trial01.par,/work/vmo703/igrmonty/logs/SANE_CRITBETA_a-0.5_t4000_pos0_trial01.log
2026-01-30T08:36:26,80,SANE,CRITBETA,-0.5,4000,0,2,1.87536392e+29,9.68850297e-01,5.00000000e-01,2.30000000e+11,2.000,5.000e+04,0,0,/work/vmo703/igrmonty_outputs/m87/spectrum_Sa-0.5_4000_CRITBETA_pos0_trial02.h5,/work/vmo703/igrmonty/logs/SANE_CRITBETA_a-0.5_t4000_pos0_trial02.par,/work/vmo703/igrmonty/logs/SANE_CRITBETA_a-0.5_t4000_pos0_trial02.log
2026-01-30T11:14:29,24,SANE,CRITBETA,-0.5,5000,0,3,1.07042022e+29,4.67750246e-01,5.00000000e-01,2.30000000e+11,2.000,5.000e+04,0,0,/work/vmo703/igrmonty_outputs/m87/spectrum_Sa-0.5_5000_CRITBETA_pos0_trial03.h5,/work/vmo703/igrmonty/logs/SANE_CRITBETA_a-0.5_t5000_pos0_trial03.par,/work/vmo703/igrmonty/logs/SANE_CRITBETA_a-0.5_t5000_pos0_trial03.log
2026-01-30T13:50:25,16,MAD,CRITBETA,-0.5,5000,0,1,4.12150000e+25,1.80510118e+00,5.00000000e-01,2.30000000e+11,2.000,5.000e+04,0,0,/work/vmo703/igrmonty_outputs/m87/spectrum_Ma-0.5_5000_CRITBETA_pos0_trial01.h5,/work/vmo703/igrmonty/logs/MAD_CRITBETA_a-0.5_t5000_pos0_trial01.par,/work/vmo703/igrmonty/logs/MAD_CRITBETA_a-0.5_t5000_pos0_trial01.log
2026-01-30T13:57:39,8,SANE,CRITBETA,-0.5,4000,0,3,1.46629831e+29,5.85247038e-01,5.00000000e-01,2.30000000e+11,2.000,5.000e+04,0,0,/work/vmo703/igrmonty_outputs/m87/spectrum_Sa-0.5_4000_CRITBETA_pos0_trial03.h5,/work/vmo703/igrmonty/logs/SANE_CRITBETA_a-0.5_t4000_pos0_trial03.par,/work/vmo703/igrmonty/logs/SANE_CRITBETA_a-0.5_t4000_pos0_trial03.log
2026-01-30T15:34:06,36,MAD,RBETA,-0.5,6000,0,2,7.59978658e+25,5.39537250e-01,5.00000000e-01,2.30000000e+11,2.000,5.000e+04,0,0,/work/vmo703/igrmonty_outputs/m87/spectrum_Ma-0.5_6000_RBETA_pos0_trial02.h5,/work/vmo703/igrmonty/logs/MAD_RBETA_a-0.5_t6000_pos0_trial02.par,/work/vmo703/igrmonty/logs/MAD_RBETA_a-0.5_t6000_pos0_trial02.log
2026-01-30T16:28:23,25,SANE,CRITBETA,0.94,5000,0,2,1.48698779e+27,4.22560172e-01,5.00000000e-01,2.30000000e+11,2.000,5.000e+04,0,0,/work/vmo703/igrmonty_outputs/m87/spectrum_Sa+0.94_5000_CRITBETA_pos0_trial02.h5,/work/vmo703/igrmonty/logs/SANE_CRITBETA_a+0.94_t5000_pos0_trial02.par,/work/vmo703/igrmonty/logs/SANE_CRITBETA_a+0.94_t5000_pos0_trial02.log
2026-01-30T16:42:18,81,SANE,CRITBETA,-0.5,4000,0,2,1.87536392e+29,9.68850297e-01,5.00000000e-01,2.30000000e+11,2.000,5.000e+04,0,0,/work/vmo703/igrmonty_outputs/m87/spectrum_Sa-0.5_4000_CRITBETA_pos0_trial02.h5,/work/vmo703/igrmonty/logs/SANE_CRITBETA_a-0.5_t4000_pos0_trial02.par,/work/vmo703/igrmonty/logs/SANE_CRITBETA_a-0.5_t4000_pos0_trial02.log
2026-01-30T20:40:28,82,SANE,CRITBETA,0.94,4000,0,1,1.96006813e+27,1.92037393e+00,5.00000000e-01,2.30000000e+11,2.000,5.000e+04,0,0,/work/vmo703/igrmonty_outputs/m87/spectrum_Sa+0.94_4000_CRITBETA_pos0_trial01.h5,/work/vmo703/igrmonty/logs/SANE_CRITBETA_a+0.94_t4000_pos0_trial01.par,/work/vmo703/igrmonty/logs/SANE_CRITBETA_a+0.94_t4000_pos0_trial01.log
2026-01-30T21:44:01,80,SANE,CRITBETA,-0.5,4000,0,3,1.34723147e+29,4.51582668e-01,5.00000000e-01,2.30000000e+11,2.000,5.000e+04,0,0,/work/vmo703/igrmonty_outputs/m87/spectrum_Sa-0.5_4000_CRITBETA_pos0_trial03.h5,/work/vmo703/igrmonty/logs/SANE_CRITBETA_a-0.5_t4000_pos0_trial03.par,/work/vmo703/igrmonty/logs/SANE_CRITBETA_a-0.5_t4000_pos0_trial03.log
2026-01-30T21:52:37,9,SANE,CRITBETA,0.94,4000,0,2,8.97002967e+26,3.11982822e-01,5.00000000e-01,2.30000000e+11,2.000,5.000e+04,0,0,/work/vmo703/igrmonty_outputs/m87/spectrum_Sa+0.94_4000_CRITBETA_pos0_trial02.h5,/work/vmo703/igrmonty/logs/SANE_CRITBETA_a+0.94_t4000_pos0_trial02.par,/work/vmo703/igrmonty/logs/SANE_CRITBETA_a+0.94_t4000_pos0_trial02.log
2026-01-30T22:05:05,24,SANE,CRITBETA,-0.5,5000,0,4,1.10670607e+29,5.58397013e-01,5.00000000e-01,2.30000000e+11,2.000,5.000e+04,0,0,/work/vmo703/igrmonty_outputs/m87/spectrum_Sa-0.5_5000_CRITBETA_pos0_trial04.h5,/work/vmo703/igrmonty/logs/SANE_CRITBETA_a-0.5_t5000_pos0_trial04.par,/work/vmo703/igrmonty/logs/SANE_CRITBETA_a-0.5_t5000_pos0_trial04.log
2026-01-31T00:13:24,37,MAD,RBETA,0.94,6000,0,3,1.90132716e+25,4.99997848e-01,5.00000000e-01,2.30000000e+11,2.000,5.000e+04,0,0,/work/vmo703/igrmonty_outputs/m87/spectrum_Ma+0.94_6000_RBETA_pos0_trial03.h5,/work/vmo703/igrmonty/logs/MAD_RBETA_a+0.94_t6000_pos0_trial03.par,/work/vmo703/igrmonty/logs/MAD_RBETA_a+0.94_t6000_pos0_trial03.log
2026-01-31T00:13:24,37,MAD,RBETA,0.94,6000,0,3,1.90132716e+25,4.99997848e-01,5.00000000e-01,2.30000000e+11,2.000,5.000e+04,1,0,/work/vmo703/igrmonty_outputs/m87/spectrum_Ma+0.94_6000_RBETA_pos0_trial03.h5,/work/vmo703/igrmonty/logs/MAD_RBETA_a+0.94_t6000_pos0_trial03.par,/work/vmo703/igrmonty/logs/MAD_RBETA_a+0.94_t6000_pos0_trial03.log
2026-01-31T00:39:02,0,MAD,CRITBETA,-0.5,4000,0,1,2.87250000e+25,1.33341672e+00,5.00000000e-01,2.30000000e+11,2.000,5.000e+04,0,0,/work/vmo703/igrmonty_outputs/m87/spectrum_Ma-0.5_4000_CRITBETA_pos0_trial01.h5,/work/vmo703/igrmonty/logs/MAD_CRITBETA_a-0.5_t4000_pos0_trial01.par,/work/vmo703/igrmonty/logs/MAD_CRITBETA_a-0.5_t4000_pos0_trial01.log
2026-01-31T01:38:30,32,MAD,CRITBETA,-0.5,6000,0,1,5.81910000e+25,2.04244312e+00,5.00000000e-01,2.30000000e+11,2.000,5.000e+04,0,0,/work/vmo703/igrmonty_outputs/m87/spectrum_Ma-0.5_6000_CRITBETA_pos0_trial01.h5,/work/vmo703/igrmonty/logs/MAD_CRITBETA_a-0.5_t6000_pos0_trial01.par,/work/vmo703/igrmonty/logs/MAD_CRITBETA_a-0.5_t6000_pos0_trial01.log
2026-01-31T01:39:20,13,SANE,RBETA,0.94,4000,0,3,2.28168311e+27,5.16697472e-01,5.00000000e-01,2.30000000e+11,2.000,5.000e+04,0,0,/work/vmo703/igrmonty_outputs/m87/spectrum_Sa+0.94_4000_RBETA_pos0_trial03.h5,/work/vmo703/igrmonty/logs/SANE_RBETA_a+0.94_t4000_pos0_trial03.par,/work/vmo703/igrmonty/logs/SANE_RBETA_a+0.94_t4000_pos0_trial03.log
2026-01-31T01:39:20,13,SANE,RBETA,0.94,4000,0,3,2.28168311e+27,5.16697472e-01,5.00000000e-01,2.30000000e+11,2.000,5.000e+04,1,0,/work/vmo703/igrmonty_outputs/m87/spectrum_Sa+0.94_4000_RBETA_pos0_trial03.h5,/work/vmo703/igrmonty/logs/SANE_RBETA_a+0.94_t4000_pos0_trial03.par,/work/vmo703/igrmonty/logs/SANE_RBETA_a+0.94_t4000_pos0_trial03.log
2026-01-31T01:40:37,5,MAD,RBETA,0.94,4000,0,2,1.03857558e+25,5.00427425e-01,5.00000000e-01,2.30000000e+11,2.000,5.000e+04,0,0,/work/vmo703/igrmonty_outputs/m87/spectrum_Ma+0.94_4000_RBETA_pos0_trial02.h5,/work/vmo703/igrmonty/logs/MAD_RBETA_a+0.94_t4000_pos0_trial02.par,/work/vmo703/igrmonty/logs/MAD_RBETA_a+0.94_t4000_pos0_trial02.log
2026-01-31T01:40:37,5,MAD,RBETA,0.94,4000,0,2,1.03857558e+25,5.00427425e-01,5.00000000e-01,2.30000000e+11,2.000,5.000e+04,1,0,/work/vmo703/igrmonty_outputs/m87/spectrum_Ma+0.94_4000_RBETA_pos0_trial02.h5,/work/vmo703/igrmonty/logs/MAD_RBETA_a+0.94_t4000_pos0_trial02.par,/work/vmo703/igrmonty/logs/MAD_RBETA_a+0.94_t4000_pos0_trial02.log
2026-01-31T02:19:13,83,SANE,CRITBETA,0.94,4000,0,1,1.96006813e+27,1.92037393e+00,5.00000000e-01,2.30000000e+11,2.000,5.000e+04,0,0,/work/vmo703/igrmonty_outputs/m87/spectrum_Sa+0.94_4000_CRITBETA_pos0_trial01.h5,/work/vmo703/igrmonty/logs/SANE_CRITBETA_a+0.94_t4000_pos0_trial01.par,/work/vmo703/igrmonty/logs/SANE_CRITBETA_a+0.94_t4000_pos0_trial01.log
2026-01-31T02:39:02,8,SANE,CRITBETA,-0.5,4000,0,4,1.35530713e+29,4.46569286e-01,5.00000000e-01,2.30000000e+11,2.000,5.000e+04,0,0,/work/vmo703/igrmonty_outputs/m87/spectrum_Sa-0.5_4000_CRITBETA_pos0_trial04.h5,/work/vmo703/igrmonty/logs/SANE_CRITBETA_a-0.5_t4000_pos0_trial04.par,/work/vmo703/igrmonty/logs/SANE_CRITBETA_a-0.5_t4000_pos0_trial04.log
2026-01-31T05:58:54,81,SANE,CRITBETA,-0.5,4000,0,3,1.34723147e+29,4.51582668e-01,5.00000000e-01,2.30000000e+11,2.000,5.000e+04,0,0,/work/vmo703/igrmonty_outputs/m87/spectrum_Sa-0.5_4000_CRITBETA_pos0_trial03.h5,/work/vmo703/igrmonty/logs/SANE_CRITBETA_a-0.5_t4000_pos0_trial03.par,/work/vmo703/igrmonty/logs/SANE_CRITBETA_a-0.5_t4000_pos0_trial03.log
2026-01-31T08:34:22,80,SANE,CRITBETA,-0.5,4000,0,4,1.41761595e+29,5.02988332e-01,5.00000000e-01,2.30000000e+11,2.000,5.000e+04,0,0,/work/vmo703/igrmonty_outputs/m87/spectrum_Sa-0.5_4000_CRITBETA_pos0_trial04.h5,/work/vmo703/igrmonty/logs/SANE_CRITBETA_a-0.5_t4000_pos0_trial04.par,/work/vmo703/igrmonty/logs/SANE_CRITBETA_a-0.5_t4000_pos0_trial04.log
2026-01-31T08:34:22,80,SANE,CRITBETA,-0.5,4000,0,4,1.41761595e+29,5.02988332e-01,5.00000000e-01,2.30000000e+11,2.000,5.000e+04,1,0,/work/vmo703/igrmonty_outputs/m87/spectrum_Sa-0.5_4000_CRITBETA_pos0_trial04.h5,/work/vmo703/igrmonty/logs/SANE_CRITBETA_a-0.5_t4000_pos0_trial04.par,/work/vmo703/igrmonty/logs/SANE_CRITBETA_a-0.5_t4000_pos0_trial04.log
2026-01-31T09:37:16,24,SANE,CRITBETA,-0.5,5000,0,5,1.04723887e+29,4.60124238e-01,5.00000000e-01,2.30000000e+11,2.000,5.000e+04,0,0,/work/vmo703/igrmonty_outputs/m87/spectrum_Sa-0.5_5000_CRITBETA_pos0_trial05.h5,/work/vmo703/igrmonty/logs/SANE_CRITBETA_a-0.5_t5000_pos0_trial05.par,/work/vmo703/igrmonty/logs/SANE_CRITBETA_a-0.5_t5000_pos0_trial05.log
2026-01-31T11:14:12,36,MAD,RBETA,-0.5,6000,0,3,7.31603344e+25,4.78161543e-01,5.00000000e-01,2.30000000e+11,2.000,5.000e+04,0,0,/work/vmo703/igrmonty_outputs/m87/spectrum_Ma-0.5_6000_RBETA_pos0_trial03.h5,/work/vmo703/igrmonty/logs/MAD_RBETA_a-0.5_t6000_pos0_trial03.par,/work/vmo703/igrmonty/logs/MAD_RBETA_a-0.5_t6000_pos0_trial03.log
2026-01-31T11:14:12,36,MAD,RBETA,-0.5,6000,0,3,7.31603344e+25,4.78161543e-01,5.00000000e-01,2.30000000e+11,2.000,5.000e+04,1,0,/work/vmo703/igrmonty_outputs/m87/spectrum_Ma-0.5_6000_RBETA_pos0_trial03.h5,/work/vmo703/igrmonty/logs/MAD_RBETA_a-0.5_t6000_pos0_trial03.par,/work/vmo703/igrmonty/logs/MAD_RBETA_a-0.5_t6000_pos0_trial03.log
2026-01-31T11:56:01,8,SANE,CRITBETA,-0.5,4000,0,5,1.43409625e+29,4.36731266e-01,5.00000000e-01,2.30000000e+11,2.000,5.000e+04,0,0,/work/vmo703/igrmonty_outputs/m87/spectrum_Sa-0.5_4000_CRITBETA_pos0_trial05.h5,/work/vmo703/igrmonty/logs/SANE_CRITBETA_a-0.5_t4000_pos0_trial05.par,/work/vmo703/igrmonty/logs/SANE_CRITBETA_a-0.5_t4000_pos0_trial05.log
2026-01-31T11:58:29,25,SANE,CRITBETA,0.94,5000,0,3,1.61751428e+27,5.27072551e-01,5.00000000e-01,2.30000000e+11,2.000,5.000e+04,0,0,/work/vmo703/igrmonty_outputs/m87/spectrum_Sa+0.94_5000_CRITBETA_pos0_trial03.h5,/work/vmo703/igrmonty/logs/SANE_CRITBETA_a+0.94_t5000_pos0_trial03.par,/work/vmo703/igrmonty/logs/SANE_CRITBETA_a+0.94_t5000_pos0_trial03.log
2026-01-31T16:33:47,82,SANE,CRITBETA,0.94,4000,0,2,1.00014569e+27,3.89888792e-01,5.00000000e-01,2.30000000e+11,2.000,5.000e+04,0,0,/work/vmo703/igrmonty_outputs/m87/spectrum_Sa+0.94_4000_CRITBETA_pos0_trial02.h5,/work/vmo703/igrmonty/logs/SANE_CRITBETA_a+0.94_t4000_pos0_trial02.par,/work/vmo703/igrmonty/logs/SANE_CRITBETA_a+0.94_t4000_pos0_trial02.log
2026-01-31T16:49:44,81,SANE,CRITBETA,-0.5,4000,0,4,1.41761595e+29,5.02988332e-01,5.00000000e-01,2.30000000e+11,2.000,5.000e+04,0,0,/work/vmo703/igrmonty_outputs/m87/spectrum_Sa-0.5_4000_CRITBETA_pos0_trial04.h5,/work/vmo703/igrmonty/logs/SANE_CRITBETA_a-0.5_t4000_pos0_trial04.par,/work/vmo703/igrmonty/logs/SANE_CRITBETA_a-0.5_t4000_pos0_trial04.log
2026-01-31T16:49:44,81,SANE,CRITBETA,-0.5,4000,0,4,1.41761595e+29,5.02988332e-01,5.00000000e-01,2.30000000e+11,2.000,5.000e+04,1,0,/work/vmo703/igrmonty_outputs/m87/spectrum_Sa-0.5_4000_CRITBETA_pos0_trial04.h5,/work/vmo703/igrmonty/logs/SANE_CRITBETA_a-0.5_t4000_pos0_trial04.par,/work/vmo703/igrmonty/logs/SANE_CRITBETA_a-0.5_t4000_pos0_trial04.log
2026-01-31T19:56:35,9,SANE,CRITBETA,0.94,4000,0,3,1.13556903e+27,5.41535999e-01,5.00000000e-01,2.30000000e+11,2.000,5.000e+04,0,0,/work/vmo703/igrmonty_outputs/m87/spectrum_Sa+0.94_4000_CRITBETA_pos0_trial03.h5,/work/vmo703/igrmonty/logs/SANE_CRITBETA_a+0.94_t4000_pos0_trial03.par,/work/vmo703/igrmonty/logs/SANE_CRITBETA_a+0.94_t4000_pos0_trial03.log
2026-01-31T20:04:53,24,SANE,CRITBETA,-0.5,5000,0,6,1.09167458e+29,5.03558689e-01,5.00000000e-01,2.30000000e+11,2.000,5.000e+04,0,0,/work/vmo703/igrmonty_outputs/m87/spectrum_Sa-0.5_5000_CRITBETA_pos0_trial06.h5,/work/vmo703/igrmonty/logs/SANE_CRITBETA_a-0.5_t5000_pos0_trial06.par,/work/vmo703/igrmonty/logs/SANE_CRITBETA_a-0.5_t5000_pos0_trial06.log
2026-01-31T20:04:53,24,SANE,CRITBETA,-0.5,5000,0,6,1.09167458e+29,5.03558689e-01,5.00000000e-01,2.30000000e+11,2.000,5.000e+04,1,0,/work/vmo703/igrmonty_outputs/m87/spectrum_Sa-0.5_5000_CRITBETA_pos0_trial06.h5,/work/vmo703/igrmonty/logs/SANE_CRITBETA_a-0.5_t5000_pos0_trial06.par,/work/vmo703/igrmonty/logs/SANE_CRITBETA_a-0.5_t5000_pos0_trial06.log
2026-01-31T22:12:22,8,SANE,CRITBETA,-0.5,4000,0,6,1.53446208e+29,5.66694505e-01,5.00000000e-01,2.30000000e+11,2.000,5.000e+04,0,0,/work/vmo703/igrmonty_outputs/m87/spectrum_Sa-0.5_4000_CRITBETA_pos0_trial06.h5,/work/vmo703/igrmonty/logs/SANE_CRITBETA_a-0.5_t4000_pos0_trial06.par,/work/vmo703/igrmonty/logs/SANE_CRITBETA_a-0.5_t4000_pos0_trial06.log
2026-01-31T22:15:18,83,SANE,CRITBETA,0.94,4000,0,2,1.00014569e+27,3.89888792e-01,5.00000000e-01,2.30000000e+11,2.000,5.000e+04,0,0,/work/vmo703/igrmonty_outputs/m87/spectrum_Sa+0.94_4000_CRITBETA_pos0_trial02.h5,/work/vmo703/igrmonty/logs/SANE_CRITBETA_a+0.94_t4000_pos0_trial02.par,/work/vmo703/igrmonty/logs/SANE_CRITBETA_a+0.94_t4000_pos0_trial02.log
2026-01-31T23:15:33,52,SANE,RBETA,-0.5,4000,0,1,7.45993983e+28,9.69527217e-02,5.00000000e-01,2.30000000e+11,2.000,5.000e+04,0,0,/work/vmo703/igrmonty_outputs/m87/spectrum_Sa-0.5_4000_RBETA_pos0_trial01.h5,/work/vmo703/igrmonty/logs/SANE_RBETA_a-0.5_t4000_pos0_trial01.par,/work/vmo703/igrmonty/logs/SANE_RBETA_a-0.5_t4000_pos0_trial01.log
2026-02-01T06:03:33,16,MAD,CRITBETA,-0.5,5000,0,2,2.16914973e+25,5.45873358e-01,5.00000000e-01,2.30000000e+11,2.000,5.000e+04,0,0,/work/vmo703/igrmonty_outputs/m87/spectrum_Ma-0.5_5000_CRITBETA_pos0_trial02.h5,/work/vmo703/igrmonty/logs/MAD_CRITBETA_a-0.5_t5000_pos0_trial02.par,/work/vmo703/igrmonty/logs/MAD_CRITBETA_a-0.5_t5000_pos0_trial02.log
2026-02-01T07:20:14,52,SANE,RBETA,-0.5,4000,0,2,1.69410500e+29,6.72757468e-01,5.00000000e-01,2.30000000e+11,2.000,5.000e+04,0,0,/work/vmo703/igrmonty_outputs/m87/spectrum_Sa-0.5_4000_RBETA_pos0_trial02.h5,/work/vmo703/igrmonty/logs/SANE_RBETA_a-0.5_t4000_pos0_trial02.par,/work/vmo703/igrmonty/logs/SANE_RBETA_a-0.5_t4000_pos0_trial02.log
2026-02-01T08:14:42,25,SANE,CRITBETA,0.94,5000,0,4,1.57542570e+27,4.87183388e-01,5.00000000e-01,2.30000000e+11,2.000,5.000e+04,0,0,/work/vmo703/igrmonty_outputs/m87/spectrum_Sa+0.94_5000_CRITBETA_pos0_trial04.h5,/work/vmo703/igrmonty/logs/SANE_CRITBETA_a+0.94_t5000_pos0_trial04.par,/work/vmo703/igrmonty/logs/SANE_CRITBETA_a+0.94_t5000_pos0_trial04.log
2026-02-01T08:14:42,25,SANE,CRITBETA,0.94,5000,0,4,1.57542570e+27,4.87183388e-01,5.00000000e-01,2.30000000e+11,2.000,5.000e+04,1,0,/work/vmo703/igrmonty_outputs/m87/spectrum_Sa+0.94_5000_CRITBETA_pos0_trial04.h5,/work/vmo703/igrmonty/logs/SANE_CRITBETA_a+0.94_t5000_pos0_trial04.par,/work/vmo703/igrmonty/logs/SANE_CRITBETA_a+0.94_t5000_pos0_trial04.log
2026-02-01T10:48:55,8,SANE,CRITBETA,-0.5,4000,0,7,1.44134074e+29,5.34131876e-01,5.00000000e-01,2.30000000e+11,2.000,5.000e+04,0,0,/work/vmo703/igrmonty_outputs/m87/spectrum_Sa-0.5_4000_CRITBETA_pos0_trial07.h5,/work/vmo703/igrmonty/logs/SANE_CRITBETA_a-0.5_t4000_pos0_trial07.par,/work/vmo703/igrmonty/logs/SANE_CRITBETA_a-0.5_t4000_pos0_trial07.log
2026-02-01T15:04:33,82,SANE,CRITBETA,0.94,4000,0,3,1.13260349e+27,5.66436285e-01,5.00000000e-01,2.30000000e+11,2.000,5.000e+04,0,0,/work/vmo703/igrmonty_outputs/m87/spectrum_Sa+0.94_4000_CRITBETA_pos0_trial03.h5,/work/vmo703/igrmonty/logs/SANE_CRITBETA_a+0.94_t4000_pos0_trial03.par,/work/vmo703/igrmonty/logs/SANE_CRITBETA_a+0.94_t4000_pos0_trial03.log
2026-02-01T15:38:54,26,SANE,CRITBETAwJET,-0.5,5000,0,1,4.41000000e+28,3.63785318e+00,5.00000000e-01,2.30000000e+11,2.000,5.000e+04,0,0,/work/vmo703/igrmonty_outputs/m87/spectrum_Sa-0.5_5000_CRITBETAwJET_pos0_trial01.h5,/work/vmo703/igrmonty/logs/SANE_CRITBETAwJET_a-0.5_t5000_pos0_trial01.par,/work/vmo703/igrmonty/logs/SANE_CRITBETAwJET_a-0.5_t5000_pos0_trial01.log
2026-02-01T17:00:51,52,SANE,RBETA,-0.5,4000,0,3,1.46048151e+29,5.44516360e-01,5.00000000e-01,2.30000000e+11,2.000,5.000e+04,0,0,/work/vmo703/igrmonty_outputs/m87/spectrum_Sa-0.5_4000_RBETA_pos0_trial03.h5,/work/vmo703/igrmonty/logs/SANE_RBETA_a-0.5_t4000_pos0_trial03.par,/work/vmo703/igrmonty/logs/SANE_RBETA_a-0.5_t4000_pos0_trial03.log
2026-02-01T19:49:07,30,SANE,RBETAwJET,-0.5,5000,0,1,4.27700000e+28,3.47160041e+00,5.00000000e-01,2.30000000e+11,2.000,5.000e+04,0,0,/work/vmo703/igrmonty_outputs/m87/spectrum_Sa-0.5_5000_RBETAwJET_pos0_trial01.h5,/work/vmo703/igrmonty/logs/SANE_RBETAwJET_a-0.5_t5000_pos0_trial01.par,/work/vmo703/igrmonty/logs/SANE_RBETAwJET_a-0.5_t5000_pos0_trial01.log
2026-02-01T20:26:32,8,SANE,CRITBETA,-0.5,4000,0,8,1.39452857e+29,5.20631666e-01,5.00000000e-01,2.30000000e+11,2.000,5.000e+04,0,0,/work/vmo703/igrmonty_outputs/m87/spectrum_Sa-0.5_4000_CRITBETA_pos0_trial08.h5,/work/vmo703/igrmonty/logs/SANE_CRITBETA_a-0.5_t4000_pos0_trial08.par,/work/vmo703/igrmonty/logs/SANE_CRITBETA_a-0.5_t4000_pos0_trial08.log
2026-02-01T20:26:32,8,SANE,CRITBETA,-0.5,4000,0,8,1.39452857e+29,5.20631666e-01,5.00000000e-01,2.30000000e+11,2.000,5.000e+04,1,0,/work/vmo703/igrmonty_outputs/m87/spectrum_Sa-0.5_4000_CRITBETA_pos0_trial08.h5,/work/vmo703/igrmonty/logs/SANE_CRITBETA_a-0.5_t4000_pos0_trial08.par,/work/vmo703/igrmonty/logs/SANE_CRITBETA_a-0.5_t4000_pos0_trial08.log
2026-02-01T20:50:10,83,SANE,CRITBETA,0.94,4000,0,3,1.13260349e+27,5.66436285e-01,5.00000000e-01,2.30000000e+11,2.000,5.000e+04,0,0,/work/vmo703/igrmonty_outputs/m87/spectrum_Sa+0.94_4000_CRITBETA_pos0_trial03.h5,/work/vmo703/igrmonty/logs/SANE_CRITBETA_a+0.94_t4000_pos0_trial03.par,/work/vmo703/igrmonty/logs/SANE_CRITBETA_a+0.94_t4000_pos0_trial03.log
2026-02-01T22:41:13,9,SANE,CRITBETA,0.94,4000,0,4,1.09115106e+27,4.93679797e-01,5.00000000e-01,2.30000000e+11,2.000,5.000e+04,0,0,/work/vmo703/igrmonty_outputs/m87/spectrum_Sa+0.94_4000_CRITBETA_pos0_trial04.h5,/work/vmo703/igrmonty/logs/SANE_CRITBETA_a+0.94_t4000_pos0_trial04.par,/work/vmo703/igrmonty/logs/SANE_CRITBETA_a+0.94_t4000_pos0_trial04.log
2026-02-01T22:41:13,9,SANE,CRITBETA,0.94,4000,0,4,1.09115106e+27,4.93679797e-01,5.00000000e-01,2.30000000e+11,2.000,5.000e+04,1,0,/work/vmo703/igrmonty_outputs/m87/spectrum_Sa+0.94_4000_CRITBETA_pos0_trial04.h5,/work/vmo703/igrmonty/logs/SANE_CRITBETA_a+0.94_t4000_pos0_trial04.par,/work/vmo703/igrmonty/logs/SANE_CRITBETA_a+0.94_t4000_pos0_trial04.log
2026-02-02T01:59:21,32,MAD,CRITBETA,-0.5,6000,0,2,2.87916024e+25,4.38279165e-01,5.00000000e-01,2.30000000e+11,2.000,5.000e+04,0,0,/work/vmo703/igrmonty_outputs/m87/spectrum_Ma-0.5_6000_CRITBETA_pos0_trial02.h5,/work/vmo703/igrmonty/logs/MAD_CRITBETA_a-0.5_t6000_pos0_trial02.par,/work/vmo703/igrmonty/logs/MAD_CRITBETA_a-0.5_t6000_pos0_trial02.log
2026-02-02T02:34:04,52,SANE,RBETA,-0.5,4000,0,4,1.39950869e+29,5.17561161e-01,5.00000000e-01,2.30000000e+11,2.000,5.000e+04,0,0,/work/vmo703/igrmonty_outputs/m87/spectrum_Sa-0.5_4000_RBETA_pos0_trial04.h5,/work/vmo703/igrmonty/logs/SANE_RBETA_a-0.5_t4000_pos0_trial04.par,/work/vmo703/igrmonty/logs/SANE_RBETA_a-0.5_t4000_pos0_trial04.log
2026-02-02T02:34:04,52,SANE,RBETA,-0.5,4000,0,4,1.39950869e+29,5.17561161e-01,5.00000000e-01,2.30000000e+11,2.000,5.000e+04,1,0,/work/vmo703/igrmonty_outputs/m87/spectrum_Sa-0.5_4000_RBETA_pos0_trial04.h5,/work/vmo703/igrmonty/logs/SANE_RBETA_a-0.5_t4000_pos0_trial04.par,/work/vmo703/igrmonty/logs/SANE_RBETA_a-0.5_t4000_pos0_trial04.log
2026-02-02T03:08:37,15,SANE,RBETAwJET,0.94,4000,0,1,2.81760000e+27,5.29667756e+00,5.00000000e-01,2.30000000e+11,2.000,5.000e+04,0,0,/work/vmo703/igrmonty_outputs/m87/spectrum_Sa+0.94_4000_RBETAwJET_pos0_trial01.h5,/work/vmo703/igrmonty/logs/SANE_RBETAwJET_a+0.94_t4000_pos0_trial01.par,/work/vmo703/igrmonty/logs/SANE_RBETAwJET_a+0.94_t4000_pos0_trial01.log
2026-02-02T03:36:04,0,MAD,CRITBETA,-0.5,4000,0,2,1.75898482e+25,5.18450064e-01,5.00000000e-01,2.30000000e+11,2.000,5.000e+04,0,0,/work/vmo703/igrmonty_outputs/m87/spectrum_Ma-0.5_4000_CRITBETA_pos0_trial02.h5,/work/vmo703/igrmonty/logs/MAD_CRITBETA_a-0.5_t4000_pos0_trial02.par,/work/vmo703/igrmonty/logs/MAD_CRITBETA_a-0.5_t4000_pos0_trial02.log
2026-02-02T03:36:04,0,MAD,CRITBETA,-0.5,4000,0,2,1.75898482e+25,5.18450064e-01,5.00000000e-01,2.30000000e+11,2.000,5.000e+04,1,0,/work/vmo703/igrmonty_outputs/m87/spectrum_Ma-0.5_4000_CRITBETA_pos0_trial02.h5,/work/vmo703/igrmonty/logs/MAD_CRITBETA_a-0.5_t4000_pos0_trial02.par,/work/vmo703/igrmonty/logs/MAD_CRITBETA_a-0.5_t4000_pos0_trial02.log
2026-02-02T09:59:19,27,SANE,CRITBETAwJET,0.94,5000,0,1,2.66400000e+27,8.73935787e+00,5.00000000e-01,2.30000000e+11,2.000,5.000e+04,0,0,/work/vmo703/igrmonty_outputs/m87/spectrum_Sa+0.94_5000_CRITBETAwJET_pos0_trial01.h5,/work/vmo703/igrmonty/logs/SANE_CRITBETAwJET_a+0.94_t5000_pos0_trial01.par,/work/vmo703/igrmonty/logs/SANE_CRITBETAwJET_a+0.94_t5000_pos0_trial01.log
2026-02-02T14:21:49,84,SANE,CRITBETAwJET,0.94,4000,0,1,2.32713385e+27,6.22512450e+00,5.00000000e-01,2.30000000e+11,2.000,5.000e+04,0,0,/work/vmo703/igrmonty_outputs/m87/spectrum_Sa+0.94_4000_CRITBETAwJET_pos0_trial01.h5,/work/vmo703/igrmonty/logs/SANE_CRITBETAwJET_a+0.94_t4000_pos0_trial01.par,/work/vmo703/igrmonty/logs/SANE_CRITBETAwJET_a+0.94_t4000_pos0_trial01.log
2026-02-02T15:56:30,85,SANE,CRITBETAwJET,0.94,4000,0,1,2.32713385e+27,6.22512450e+00,5.00000000e-01,2.30000000e+11,2.000,5.000e+04,0,0,/work/vmo703/igrmonty_outputs/m87/spectrum_Sa+0.94_4000_CRITBETAwJET_pos0_trial01.h5,/work/vmo703/igrmonty/logs/SANE_CRITBETAwJET_a+0.94_t4000_pos0_trial01.par,/work/vmo703/igrmonty/logs/SANE_CRITBETAwJET_a+0.94_t4000_pos0_trial01.log
2026-02-02T16:13:40,16,MAD,CRITBETA,-0.5,5000,0,3,2.07600590e+25,5.29263709e-01,5.00000000e-01,2.30000000e+11,2.000,5.000e+04,0,0,/work/vmo703/igrmonty_outputs/m87/spectrum_Ma-0.5_5000_CRITBETA_pos0_trial03.h5,/work/vmo703/igrmonty/logs/MAD_CRITBETA_a-0.5_t5000_pos0_trial03.par,/work/vmo703/igrmonty/logs/MAD_CRITBETA_a-0.5_t5000_pos0_trial03.log
2026-02-02T16:26:10,82,SANE,CRITBETA,0.94,4000,0,4,1.06411206e+27,4.84669535e-01,5.00000000e-01,2.30000000e+11,2.000,5.000e+04,0,0,/work/vmo703/igrmonty_outputs/m87/spectrum_Sa+0.94_4000_CRITBETA_pos0_trial04.h5,/work/vmo703/igrmonty/logs/SANE_CRITBETA_a+0.94_t4000_pos0_trial04.par,/work/vmo703/igrmonty/logs/SANE_CRITBETA_a+0.94_t4000_pos0_trial04.log
2026-02-02T16:26:10,82,SANE,CRITBETA,0.94,4000,0,4,1.06411206e+27,4.84669535e-01,5.00000000e-01,2.30000000e+11,2.000,5.000e+04,1,0,/work/vmo703/igrmonty_outputs/m87/spectrum_Sa+0.94_4000_CRITBETA_pos0_trial04.h5,/work/vmo703/igrmonty/logs/SANE_CRITBETA_a+0.94_t4000_pos0_trial04.par,/work/vmo703/igrmonty/logs/SANE_CRITBETA_a+0.94_t4000_pos0_trial04.log
2026-02-02T17:19:31,96,MAD,RBETA,0.94,4000,0,1,1.29730605e+25,7.84147776e-01,5.00000000e-01,2.30000000e+11,2.000,5.000e+04,0,0,/work/vmo703/igrmonty_outputs/m87/spectrum_Ma+0.94_4000_RBETA_pos0_trial01.h5,/work/vmo703/igrmonty/logs/MAD_RBETA_a+0.94_t4000_pos0_trial01.par,/work/vmo703/igrmonty/logs/MAD_RBETA_a+0.94_t4000_pos0_trial01.log
2026-02-10T23:08:06,28,SANE,RBETA,-0.5,5000,0,1,7.07500000e+28,9.70622462e-02,5.00000000e-01,2.30000000e+11,2.000,5.000e+04,0,0,/work/vmo703/igrmonty_outputs/m87/spectrum_Sa-0.5_5000_RBETA_pos0_trial01.h5,/work/vmo703/igrmonty/logs/SANE_RBETA_a-0.5_t5000_pos0_trial01.par,/work/vmo703/igrmonty/logs/SANE_RBETA_a-0.5_t5000_pos0_trial01.log
2026-02-10T23:46:05,21,MAD,RBETA,0.94,5000,0,1,1.92310000e+25,9.08613655e-01,5.00000000e-01,2.30000000e+11,2.000,5.000e+04,0,0,/work/vmo703/igrmonty_outputs/m87/spectrum_Ma+0.94_5000_RBETA_pos0_trial01.h5,/work/vmo703/igrmonty/logs/MAD_RBETA_a+0.94_t5000_pos0_trial01.par,/work/vmo703/igrmonty/logs/MAD_RBETA_a+0.94_t5000_pos0_trial01.log
2026-02-11T00:01:42,24,SANE,CRITBETA,-0.5,5000,0,1,6.57500000e+28,1.71435570e-01,5.00000000e-01,2.30000000e+11,2.000,5.000e+04,0,0,/work/vmo703/igrmonty_outputs/m87/spectrum_Sa-0.5_5000_CRITBETA_pos0_trial01.h5,/work/vmo703/igrmonty/logs/SANE_CRITBETA_a-0.5_t5000_pos0_trial01.par,/work/vmo703/igrmonty/logs/SANE_CRITBETA_a-0.5_t5000_pos0_trial01.log
2026-02-11T00:13:13,37,MAD,RBETA,0.94,6000,0,1,3.04700000e+25,1.27407705e+00,5.00000000e-01,2.30000000e+11,2.000,5.000e+04,0,0,/work/vmo703/igrmonty_outputs/m87/spectrum_Ma+0.94_6000_RBETA_pos0_trial01.h5,/work/vmo703/igrmonty/logs/MAD_RBETA_a+0.94_t6000_pos0_trial01.par,/work/vmo703/igrmonty/logs/MAD_RBETA_a+0.94_t6000_pos0_trial01.log
2026-02-11T00:39:55,20,MAD,RBETA,-0.5,5000,0,1,5.04500000e+25,4.37509330e-01,5.00000000e-01,2.30000000e+11,2.000,5.000e+04,0,0,/work/vmo703/igrmonty_outputs/m87/spectrum_Ma-0.5_5000_RBETA_pos0_trial01.h5,/work/vmo703/igrmonty/logs/MAD_RBETA_a-0.5_t5000_pos0_trial01.par,/work/vmo703/igrmonty/logs/MAD_RBETA_a-0.5_t5000_pos0_trial01.log
2026-02-11T01:08:18,12,SANE,RBETA,-0.5,4000,0,1,1.01240000e+29,2.58361288e-01,5.00000000e-01,2.30000000e+11,2.000,5.000e+04,0,0,/work/vmo703/igrmonty_outputs/m87/spectrum_Sa-0.5_4000_RBETA_pos0_trial01.h5,/work/vmo703/igrmonty/logs/SANE_RBETA_a-0.5_t4000_pos0_trial01.par,/work/vmo703/igrmonty/logs/SANE_RBETA_a-0.5_t4000_pos0_trial01.log
2026-02-11T01:21:31,29,SANE,RBETA,0.94,5000,0,1,3.33000000e+27,7.43128247e-01,5.00000000e-01,2.30000000e+11,2.000,5.000e+04,0,0,/work/vmo703/igrmonty_outputs/m87/spectrum_Sa+0.94_5000_RBETA_pos0_trial01.h5,/work/vmo703/igrmonty/logs/SANE_RBETA_a+0.94_t5000_pos0_trial01.par,/work/vmo703/igrmonty/logs/SANE_RBETA_a+0.94_t5000_pos0_trial01.log
2026-02-11T01:47:52,25,SANE,CRITBETA,0.94,5000,0,1,2.28100000e+27,1.13245839e+00,5.00000000e-01,2.30000000e+11,2.000,5.000e+04,0,0,/work/vmo703/igrmonty_outputs/m87/spectrum_Sa+0.94_5000_CRITBETA_pos0_trial01.h5,/work/vmo703/igrmonty/logs/SANE_CRITBETA_a+0.94_t5000_pos0_trial01.par,/work/vmo703/igrmonty/logs/SANE_CRITBETA_a+0.94_t5000_pos0_trial01.log
2026-02-11T01:48:59,13,SANE,RBETA,0.94,4000,0,1,2.81760000e+27,8.96432426e-01,5.00000000e-01,2.30000000e+11,2.000,5.000e+04,0,0,/work/vmo703/igrmonty_outputs/m87/spectrum_Sa+0.94_4000_RBETA_pos0_trial01.h5,/work/vmo703/igrmonty/logs/SANE_RBETA_a+0.94_t4000_pos0_trial01.par,/work/vmo703/igrmonty/logs/SANE_RBETA_a+0.94_t4000_pos0_trial01.log
2026-02-11T01:49:59,28,SANE,RBETA,-0.5,5000,0,2,1.60578086e+29,8.48500375e-01,5.00000000e-01,2.30000000e+11,2.000,5.000e+04,0,0,/work/vmo703/igrmonty_outputs/m87/spectrum_Sa-0.5_5000_RBETA_pos0_trial02.h5,/work/vmo703/igrmonty/logs/SANE_RBETA_a-0.5_t5000_pos0_trial02.par,/work/vmo703/igrmonty/logs/SANE_RBETA_a-0.5_t5000_pos0_trial02.log
2026-02-11T02:13:18,36,MAD,RBETA,-0.5,6000,0,1,5.92030000e+25,2.83167309e-01,5.00000000e-01,2.30000000e+11,2.000,5.000e+04,0,0,/work/vmo703/igrmonty_outputs/m87/spectrum_Ma-0.5_6000_RBETA_pos0_trial01.h5,/work/vmo703/igrmonty/logs/MAD_RBETA_a-0.5_t6000_pos0_trial01.par,/work/vmo703/igrmonty/logs/MAD_RBETA_a-0.5_t6000_pos0_trial01.log
2026-02-11T03:13:41,9,SANE,CRITBETA,0.94,4000,0,1,3.51300000e+27,7.81733510e+00,5.00000000e-01,2.30000000e+11,2.000,5.000e+04,0,0,/work/vmo703/igrmonty_outputs/m87/spectrum_Sa+0.94_4000_CRITBETA_pos0_trial01.h5,/work/vmo703/igrmonty/logs/SANE_CRITBETA_a+0.94_t4000_pos0_trial01.par,/work/vmo703/igrmonty/logs/SANE_CRITBETA_a+0.94_t4000_pos0_trial01.log
2026-02-11T03:24:18,8,SANE,CRITBETA,-0.5,4000,0,1,6.92600000e+28,8.77451638e-02,5.00000000e-01,2.30000000e+11,2.000,5.000e+04,0,0,/work/vmo703/igrmonty_outputs/m87/spectrum_Sa-0.5_4000_CRITBETA_pos0_trial01.h5,/work/vmo703/igrmonty/logs/SANE_CRITBETA_a-0.5_t4000_pos0_trial01.par,/work/vmo703/igrmonty/logs/SANE_CRITBETA_a-0.5_t4000_pos0_trial01.log
2026-02-11T03:44:29,24,SANE,CRITBETA,-0.5,5000,0,2,1.12287210e+29,6.79313606e-01,5.00000000e-01,2.30000000e+11,2.000,5.000e+04,0,0,/work/vmo703/igrmonty_outputs/m87/spectrum_Sa-0.5_5000_CRITBETA_pos0_trial02.h5,/work/vmo703/igrmonty/logs/SANE_CRITBETA_a-0.5_t5000_pos0_trial02.par,/work/vmo703/igrmonty/logs/SANE_CRITBETA_a-0.5_t5000_pos0_trial02.log
2026-02-11T04:08:15,5,MAD,RBETA,0.94,4000,0,1,1.34880000e+25,8.44651405e-01,5.00000000e-01,2.30000000e+11,2.000,5.000e+04,0,0,/work/vmo703/igrmonty_outputs/m87/spectrum_Ma+0.94_4000_RBETA_pos0_trial01.h5,/work/vmo703/igrmonty/logs/MAD_RBETA_a+0.94_t4000_pos0_trial01.par,/work/vmo703/igrmonty/logs/MAD_RBETA_a+0.94_t4000_pos0_trial01.log
2026-02-11T04:16:40,4,MAD,RBETA,-0.5,4000,0,1,3.39720000e+25,2.57206731e-01,5.00000000e-01,2.30000000e+11,2.000,5.000e+04,0,0,/work/vmo703/igrmonty_outputs/m87/spectrum_Ma-0.5_4000_RBETA_pos0_trial01.h5,/work/vmo703/igrmonty/logs/MAD_RBETA_a-0.5_t4000_pos0_trial01.par,/work/vmo703/igrmonty/logs/MAD_RBETA_a-0.5_t4000_pos0_trial01.log
2026-02-11T04:18:59,21,MAD,RBETA,0.94,5000,0,2,1.42658364e+25,5.02390949e-01,5.00000000e-01,2.30000000e+11,2.000,5.000e+04,0,0,/work/vmo703/igrmonty_outputs/m87/spectrum_Ma+0.94_5000_RBETA_pos0_trial02.h5,/work/vmo703/igrmonty/logs/MAD_RBETA_a+0.94_t5000_pos0_trial02.par,/work/vmo703/igrmonty/logs/MAD_RBETA_a+0.94_t5000_pos0_trial02.log
2026-02-11T04:18:59,21,MAD,RBETA,0.94,5000,0,2,1.42658364e+25,5.02390949e-01,5.00000000e-01,2.30000000e+11,2.000,5.000e+04,1,0,/work/vmo703/igrmonty_outputs/m87/spectrum_Ma+0.94_5000_RBETA_pos0_trial02.h5,/work/vmo703/igrmonty/logs/MAD_RBETA_a+0.94_t5000_pos0_trial02.par,/work/vmo703/igrmonty/logs/MAD_RBETA_a+0.94_t5000_pos0_trial02.log
2026-02-11T04:21:28,12,SANE,RBETA,-0.5,4000,0,2,1.40839157e+29,5.64239328e-01,5.00000000e-01,2.30000000e+11,2.000,5.000e+04,0,0,/work/vmo703/igrmonty_outputs/m87/spectrum_Sa-0.5_4000_RBETA_pos0_trial02.h5,/work/vmo703/igrmonty/logs/SANE_RBETA_a-0.5_t4000_pos0_trial02.par,/work/vmo703/igrmonty/logs/SANE_RBETA_a-0.5_t4000_pos0_trial02.log
2026-02-11T04:50:35,16,MAD,CRITBETA,-0.5,5000,0,1,4.12150000e+25,1.92850137e+00,5.00000000e-01,2.30000000e+11,2.000,5.000e+04,0,0,/work/vmo703/igrmonty_outputs/m87/spectrum_Ma-0.5_5000_CRITBETA_pos0_trial01.h5,/work/vmo703/igrmonty/logs/MAD_CRITBETA_a-0.5_t5000_pos0_trial01.par,/work/vmo703/igrmonty/logs/MAD_CRITBETA_a-0.5_t5000_pos0_trial01.log
2026-02-11T05:01:53,29,SANE,RBETA,0.94,5000,0,2,2.73147576e+27,4.47770079e-01,5.00000000e-01,2.30000000e+11,2.000,5.000e+04,0,0,/work/vmo703/igrmonty_outputs/m87/spectrum_Sa+0.94_5000_RBETA_pos0_trial02.h5,/work/vmo703/igrmonty/logs/SANE_RBETA_a+0.94_t5000_pos0_trial02.par,/work/vmo703/igrmonty/logs/SANE_RBETA_a+0.94_t5000_pos0_trial02.log
2026-02-11T05:41:28,37,MAD,RBETA,0.94,6000,0,2,1.90879641e+25,5.15363852e-01,5.00000000e-01,2.30000000e+11,2.000,5.000e+04,0,0,/work/vmo703/igrmonty_outputs/m87/spectrum_Ma+0.94_6000_RBETA_pos0_trial02.h5,/work/vmo703/igrmonty/logs/MAD_RBETA_a+0.94_t6000_pos0_trial02.par,/work/vmo703/igrmonty/logs/MAD_RBETA_a+0.94_t6000_pos0_trial02.log
2026-02-11T05:41:28,37,MAD,RBETA,0.94,6000,0,2,1.90879641e+25,5.15363852e-01,5.00000000e-01,2.30000000e+11,2.000,5.000e+04,1,0,/work/vmo703/igrmonty_outputs/m87/spectrum_Ma+0.94_6000_RBETA_pos0_trial02.h5,/work/vmo703/igrmonty/logs/MAD_RBETA_a+0.94_t6000_pos0_trial02.par,/work/vmo703/igrmonty/logs/MAD_RBETA_a+0.94_t6000_pos0_trial02.log
2026-02-11T06:28:43,8,SANE,CRITBETA,-0.5,4000,0,2,1.65331610e+29,8.83632035e-01,5.00000000e-01,2.30000000e+11,2.000,5.000e+04,0,0,/work/vmo703/igrmonty_outputs/m87/spectrum_Sa-0.5_4000_CRITBETA_pos0_trial02.h5,/work/vmo703/igrmonty/logs/SANE_CRITBETA_a-0.5_t4000_pos0_trial02.par,/work/vmo703/igrmonty/logs/SANE_CRITBETA_a-0.5_t4000_pos0_trial02.log
2026-02-11T06:33:54,28,SANE,RBETA,-0.5,5000,0,3,1.23266556e+29,3.84330092e-01,5.00000000e-01,2.30000000e+11,2.000,5.000e+04,0,0,/work/vmo703/igrmonty_outputs/m87/spectrum_Sa-0.5_5000_RBETA_pos0_trial03.h5,/work/vmo703/igrmonty/logs/SANE_RBETA_a-0.5_t5000_pos0_trial03.par,/work/vmo703/igrmonty/logs/SANE_RBETA_a-0.5_t5000_pos0_trial03.log
2026-02-11T06:37:40,20,MAD,RBETA,-0.5,5000,0,2,5.39327435e+25,4.79314452e-01,5.00000000e-01,2.30000000e+11,2.000,5.000e+04,0,0,/work/vmo703/igrmonty_outputs/m87/spectrum_Ma-0.5_5000_RBETA_pos0_trial02.h5,/work/vmo703/igrmonty/logs/MAD_RBETA_a-0.5_t5000_pos0_trial02.par,/work/vmo703/igrmonty/logs/MAD_RBETA_a-0.5_t5000_pos0_trial02.log
2026-02-11T06:37:40,20,MAD,RBETA,-0.5,5000,0,2,5.39327435e+25,4.79314452e-01,5.00000000e-01,2.30000000e+11,2.000,5.000e+04,1,0,/work/vmo703/igrmonty_outputs/m87/spectrum_Ma-0.5_5000_RBETA_pos0_trial02.h5,/work/vmo703/igrmonty/logs/MAD_RBETA_a-0.5_t5000_pos0_trial02.par,/work/vmo703/igrmonty/logs/MAD_RBETA_a-0.5_t5000_pos0_trial02.log
2026-02-11T07:32:15,13,SANE,RBETA,0.94,4000,0,2,2.10428986e+27,4.05574363e-01,5.00000000e-01,2.30000000e+11,2.000,5.000e+04,0,0,/work/vmo703/igrmonty_outputs/m87/spectrum_Sa+0.94_4000_RBETA_pos0_trial02.h5,/work/vmo703/igrmonty/logs/SANE_RBETA_a+0.94_t4000_pos0_trial02.par,/work/vmo703/igrmonty/logs/SANE_RBETA_a+0.94_t4000_pos0_trial02.log
2026-02-11T07:41:06,12,SANE,RBETA,-0.5,4000,0,3,1.32579612e+29,4.04323913e-01,5.00000000e-01,2.30000000e+11,2.000,5.000e+04,0,0,/work/vmo703/igrmonty_outputs/m87/spectrum_Sa-0.5_4000_RBETA_pos0_trial03.h5,/work/vmo703/igrmonty/logs/SANE_RBETA_a-0.5_t4000_pos0_trial03.par,/work/vmo703/igrmonty/logs/SANE_RBETA_a-0.5_t4000_pos0_trial03.log
2026-02-11T07:54:08,24,SANE,CRITBETA,-0.5,5000,0,3,9.63341205e+28,3.66254132e-01,5.00000000e-01,2.30000000e+11,2.000,5.000e+04,0,0,/work/vmo703/igrmonty_outputs/m87/spectrum_Sa-0.5_5000_CRITBETA_pos0_trial03.h5,/work/vmo703/igrmonty/logs/SANE_CRITBETA_a-0.5_t5000_pos0_trial03.par,/work/vmo703/igrmonty/logs/SANE_CRITBETA_a-0.5_t5000_pos0_trial03.log
2026-02-11T08:17:32,25,SANE,CRITBETA,0.94,5000,0,2,1.51565083e+27,4.83698996e-01,5.00000000e-01,2.30000000e+11,2.000,5.000e+04,0,0,/work/vmo703/igrmonty_outputs/m87/spectrum_Sa+0.94_5000_CRITBETA_pos0_trial02.h5,/work/vmo703/igrmonty/logs/SANE_CRITBETA_a+0.94_t5000_pos0_trial02.par,/work/vmo703/igrmonty/logs/SANE_CRITBETA_a+0.94_t5000_pos0_trial02.log
2026-02-11T08:17:32,25,SANE,CRITBETA,0.94,5000,0,2,1.51565083e+27,4.83698996e-01,5.00000000e-01,2.30000000e+11,2.000,5.000e+04,1,0,/work/vmo703/igrmonty_outputs/m87/spectrum_Sa+0.94_5000_CRITBETA_pos0_trial02.h5,/work/vmo703/igrmonty/logs/SANE_CRITBETA_a+0.94_t5000_pos0_trial02.par,/work/vmo703/igrmonty/logs/SANE_CRITBETA_a+0.94_t5000_pos0_trial02.log
2026-02-11T09:27:13,36,MAD,RBETA,-0.5,6000,0,2,7.86696394e+25,6.50390230e-01,5.00000000e-01,2.30000000e+11,2.000,5.000e+04,0,0,/work/vmo703/igrmonty_outputs/m87/spectrum_Ma-0.5_6000_RBETA_pos0_trial02.h5,/work/vmo703/igrmonty/logs/MAD_RBETA_a-0.5_t6000_pos0_trial02.par,/work/vmo703/igrmonty/logs/MAD_RBETA_a-0.5_t6000_pos0_trial02.log
2026-02-11T09:44:54,4,MAD,RBETA,-0.5,4000,0,2,4.73658082e+25,5.33433803e-01,5.00000000e-01,2.30000000e+11,2.000,5.000e+04,0,0,/work/vmo703/igrmonty_outputs/m87/spectrum_Ma-0.5_4000_RBETA_pos0_trial02.h5,/work/vmo703/igrmonty/logs/MAD_RBETA_a-0.5_t4000_pos0_trial02.par,/work/vmo703/igrmonty/logs/MAD_RBETA_a-0.5_t4000_pos0_trial02.log
2026-02-11T10:18:18,81,SANE,CRITBETA,-0.5,4000,0,1,5.29218396e+28,3.82482746e-02,5.00000000e-01,2.30000000e+11,2.000,5.000e+04,0,0,/work/vmo703/igrmonty_outputs/m87/spectrum_Sa-0.5_4000_CRITBETA_pos0_trial01.h5,/work/vmo703/igrmonty/logs/SANE_CRITBETA_a-0.5_t4000_pos0_trial01.par,/work/vmo703/igrmonty/logs/SANE_CRITBETA_a-0.5_t4000_pos0_trial01.log
2026-02-11T10:37:27,8,SANE,CRITBETA,-0.5,4000,0,3,1.24367004e+29,3.79975891e-01,5.00000000e-01,2.30000000e+11,2.000,5.000e+04,0,0,/work/vmo703/igrmonty_outputs/m87/spectrum_Sa-0.5_4000_CRITBETA_pos0_trial03.h5,/work/vmo703/igrmonty/logs/SANE_CRITBETA_a-0.5_t4000_pos0_trial03.par,/work/vmo703/igrmonty/logs/SANE_CRITBETA_a-0.5_t4000_pos0_trial03.log
2026-02-11T10:41:16,50,SANE,RBETA,0.94,4000,0,1,3.39493759e+27,1.31603306e+00,5.00000000e-01,2.30000000e+11,2.000,5.000e+04,0,0,/work/vmo703/igrmonty_outputs/m87/spectrum_Sa+0.94_4000_RBETA_pos0_trial01.h5,/work/vmo703/igrmonty/logs/SANE_RBETA_a+0.94_t4000_pos0_trial01.par,/work/vmo703/igrmonty/logs/SANE_RBETA_a+0.94_t4000_pos0_trial01.log
2026-02-11T10:57:42,28,SANE,RBETA,-0.5,5000,0,4,1.40597652e+29,5.93480982e-01,5.00000000e-01,2.30000000e+11,2.000,5.000e+04,0,0,/work/vmo703/igrmonty_outputs/m87/spectrum_Sa-0.5_5000_RBETA_pos0_trial04.h5,/work/vmo703/igrmonty/logs/SANE_RBETA_a-0.5_t5000_pos0_trial04.par,/work/vmo703/igrmonty/logs/SANE_RBETA_a-0.5_t5000_pos0_trial04.log
2026-02-11T11:11:08,29,SANE,RBETA,0.94,5000,0,3,2.88638872e+27,5.00918940e-01,5.00000000e-01,2.30000000e+11,2.000,5.000e+04,0,0,/work/vmo703/igrmonty_outputs/m87/spectrum_Sa+0.94_5000_RBETA_pos0_trial03.h5,/work/vmo703/igrmonty/logs/SANE_RBETA_a+0.94_t5000_pos0_trial03.par,/work/vmo703/igrmonty/logs/SANE_RBETA_a+0.94_t5000_pos0_trial03.log
2026-02-11T11:11:08,29,SANE,RBETA,0.94,5000,0,3,2.88638872e+27,5.00918940e-01,5.00000000e-01,2.30000000e+11,2.000,5.000e+04,1,0,/work/vmo703/igrmonty_outputs/m87/spectrum_Sa+0.94_5000_RBETA_pos0_trial03.h5,/work/vmo703/igrmonty/logs/SANE_RBETA_a+0.94_t5000_pos0_trial03.par,/work/vmo703/igrmonty/logs/SANE_RBETA_a+0.94_t5000_pos0_trial03.log
2026-02-11T11:36:10,32,MAD,CRITBETA,-0.5,6000,0,1,5.81910000e+25,1.91423035e+00,5.00000000e-01,2.30000000e+11,2.000,5.000e+04,0,0,/work/vmo703/igrmonty_outputs/m87/spectrum_Ma-0.5_6000_CRITBETA_pos0_trial01.h5,/work/vmo703/igrmonty/logs/MAD_CRITBETA_a-0.5_t6000_pos0_trial01.par,/work/vmo703/igrmonty/logs/MAD_CRITBETA_a-0.5_t6000_pos0_trial01.log
2026-02-11T12:07:26,24,SANE,CRITBETA,-0.5,5000,0,4,1.12557353e+29,5.32367747e-01,5.00000000e-01,2.30000000e+11,2.000,5.000e+04,0,0,/work/vmo703/igrmonty_outputs/m87/spectrum_Sa-0.5_5000_CRITBETA_pos0_trial04.h5,/work/vmo703/igrmonty/logs/SANE_CRITBETA_a-0.5_t5000_pos0_trial04.par,/work/vmo703/igrmonty/logs/SANE_CRITBETA_a-0.5_t5000_pos0_trial04.log
2026-02-11T12:09:26,0,MAD,CRITBETA,-0.5,4000,0,1,2.87250000e+25,1.21494980e+00,5.00000000e-01,2.30000000e+11,2.000,5.000e+04,0,0,/work/vmo703/igrmonty_outputs/m87/spectrum_Ma-0.5_4000_CRITBETA_pos0_trial01.h5,/work/vmo703/igrmonty/logs/MAD_CRITBETA_a-0.5_t4000_pos0_trial01.par,/work/vmo703/igrmonty/logs/MAD_CRITBETA_a-0.5_t4000_pos0_trial01.log
2026-02-11T12:50:55,12,SANE,RBETA,-0.5,4000,0,4,1.47433791e+29,6.06115049e-01,5.00000000e-01,2.30000000e+11,2.000,5.000e+04,0,0,/work/vmo703/igrmonty_outputs/m87/spectrum_Sa-0.5_4000_RBETA_pos0_trial04.h5,/work/vmo703/igrmonty/logs/SANE_RBETA_a-0.5_t4000_pos0_trial04.par,/work/vmo703/igrmonty/logs/SANE_RBETA_a-0.5_t4000_pos0_trial04.log
2026-02-11T13:06:19,5,MAD,RBETA,0.94,4000,0,2,1.03775254e+25,4.83970583e-01,5.00000000e-01,2.30000000e+11,2.000,5.000e+04,0,0,/work/vmo703/igrmonty_outputs/m87/spectrum_Ma+0.94_4000_RBETA_pos0_trial02.h5,/work/vmo703/igrmonty/logs/MAD_RBETA_a+0.94_t4000_pos0_trial02.par,/work/vmo703/igrmonty/logs/MAD_RBETA_a+0.94_t4000_pos0_trial02.log
2026-02-11T13:06:19,5,MAD,RBETA,0.94,4000,0,2,1.03775254e+25,4.83970583e-01,5.00000000e-01,2.30000000e+11,2.000,5.000e+04,1,0,/work/vmo703/igrmonty_outputs/m87/spectrum_Ma+0.94_4000_RBETA_pos0_trial02.h5,/work/vmo703/igrmonty/logs/MAD_RBETA_a+0.94_t4000_pos0_trial02.par,/work/vmo703/igrmonty/logs/MAD_RBETA_a+0.94_t4000_pos0_trial02.log
2026-02-11T13:07:00,81,SANE,CRITBETA,-0.5,4000,0,2,1.91343631e+29,1.21847780e+00,5.00000000e-01,2.30000000e+11,2.000,5.000e+04,0,0,/work/vmo703/igrmonty_outputs/m87/spectrum_Sa-0.5_4000_CRITBETA_pos0_trial02.h5,/work/vmo703/igrmonty/logs/SANE_CRITBETA_a-0.5_t4000_pos0_trial02.par,/work/vmo703/igrmonty/logs/SANE_CRITBETA_a-0.5_t4000_pos0_trial02.log
2026-02-11T14:08:39,9,SANE,CRITBETA,0.94,4000,0,2,8.88451628e+26,2.93440899e-01,5.00000000e-01,2.30000000e+11,2.000,5.000e+04,0,0,/work/vmo703/igrmonty_outputs/m87/spectrum_Sa+0.94_4000_CRITBETA_pos0_trial02.h5,/work/vmo703/igrmonty/logs/SANE_CRITBETA_a+0.94_t4000_pos0_trial02.par,/work/vmo703/igrmonty/logs/SANE_CRITBETA_a+0.94_t4000_pos0_trial02.log
2026-02-11T14:20:08,8,SANE,CRITBETA,-0.5,4000,0,4,1.42663263e+29,5.40394054e-01,5.00000000e-01,2.30000000e+11,2.000,5.000e+04,0,0,/work/vmo703/igrmonty_outputs/m87/spectrum_Sa-0.5_4000_CRITBETA_pos0_trial04.h5,/work/vmo703/igrmonty/logs/SANE_CRITBETA_a-0.5_t4000_pos0_trial04.par,/work/vmo703/igrmonty/logs/SANE_CRITBETA_a-0.5_t4000_pos0_trial04.log
2026-02-11T14:34:23,13,SANE,RBETA,0.94,4000,0,3,2.33644368e+27,5.51326608e-01,5.00000000e-01,2.30000000e+11,2.000,5.000e+04,0,0,/work/vmo703/igrmonty_outputs/m87/spectrum_Sa+0.94_4000_RBETA_pos0_trial03.h5,/work/vmo703/igrmonty/logs/SANE_RBETA_a+0.94_t4000_pos0_trial03.par,/work/vmo703/igrmonty/logs/SANE_RBETA_a+0.94_t4000_pos0_trial03.log
2026-02-11T14:39:53,82,SANE,CRITBETA,0.94,4000,0,1,1.96006813e+27,2.05350317e+00,5.00000000e-01,2.30000000e+11,2.000,5.000e+04,0,0,/work/vmo703/igrmonty_outputs/m87/spectrum_Sa+0.94_4000_CRITBETA_pos0_trial01.h5,/work/vmo703/igrmonty/logs/SANE_CRITBETA_a+0.94_t4000_pos0_trial01.par,/work/vmo703/igrmonty/logs/SANE_CRITBETA_a+0.94_t4000_pos0_trial01.log
2026-02-11T14:49:46,15,SANE,RBETAwJET,0.94,4000,0,1,2.81760000e+27,5.43680773e+00,5.00000000e-01,2.30000000e+11,2.000,5.000e+04,0,0,/work/vmo703/igrmonty_outputs/m87/spectrum_Sa+0.94_4000_RBETAwJET_pos0_trial01.h5,/work/vmo703/igrmonty/logs/SANE_RBETAwJET_a+0.94_t4000_pos0_trial01.par,/work/vmo703/igrmonty/logs/SANE_RBETAwJET_a+0.94_t4000_pos0_trial01.log
2026-02-11T15:21:08,16,MAD,CRITBETA,-0.5,5000,0,2,2.09860320e+25,5.12294075e-01,5.00000000e-01,2.30000000e+11,2.000,5.000e+04,0,0,/work/vmo703/igrmonty_outputs/m87/spectrum_Ma-0.5_5000_CRITBETA_pos0_trial02.h5,/work/vmo703/igrmonty/logs/MAD_CRITBETA_a-0.5_t5000_pos0_trial02.par,/work/vmo703/igrmonty/logs/MAD_CRITBETA_a-0.5_t5000_pos0_trial02.log
2026-02-11T15:21:08,16,MAD,CRITBETA,-0.5,5000,0,2,2.09860320e+25,5.12294075e-01,5.00000000e-01,2.30000000e+11,2.000,5.000e+04,1,0,/work/vmo703/igrmonty_outputs/m87/spectrum_Ma-0.5_5000_CRITBETA_pos0_trial02.h5,/work/vmo703/igrmonty/logs/MAD_CRITBETA_a-0.5_t5000_pos0_trial02.par,/work/vmo703/igrmonty/logs/MAD_CRITBETA_a-0.5_t5000_pos0_trial02.log
2026-02-11T15:21:22,24,SANE,CRITBETA,-0.5,5000,0,5,1.09081979e+29,3.61661007e-01,5.00000000e-01,2.30000000e+11,2.000,5.000e+04,0,0,/work/vmo703/igrmonty_outputs/m87/spectrum_Sa-0.5_5000_CRITBETA_pos0_trial05.h5,/work/vmo703/igrmonty/logs/SANE_CRITBETA_a-0.5_t5000_pos0_trial05.par,/work/vmo703/igrmonty/logs/SANE_CRITBETA_a-0.5_t5000_pos0_trial05.log
2026-02-11T15:29:14,28,SANE,RBETA,-0.5,5000,0,5,1.29050493e+29,4.99787248e-01,5.00000000e-01,2.30000000e+11,2.000,5.000e+04,0,0,/work/vmo703/igrmonty_outputs/m87/spectrum_Sa-0.5_5000_RBETA_pos0_trial05.h5,/work/vmo703/igrmonty/logs/SANE_RBETA_a-0.5_t5000_pos0_trial05.par,/work/vmo703/igrmonty/logs/SANE_RBETA_a-0.5_t5000_pos0_trial05.log
2026-02-11T15:29:14,28,SANE,RBETA,-0.5,5000,0,5,1.29050493e+29,4.99787248e-01,5.00000000e-01,2.30000000e+11,2.000,5.000e+04,1,0,/work/vmo703/igrmonty_outputs/m87/spectrum_Sa-0.5_5000_RBETA_pos0_trial05.h5,/work/vmo703/igrmonty/logs/SANE_RBETA_a-0.5_t5000_pos0_trial05.par,/work/vmo703/igrmonty/logs/SANE_RBETA_a-0.5_t5000_pos0_trial05.log
